<!--Format:
n  => name of the object
x  => sprite x pos in texture
y  => sprite y pos in texture
w  => sprite width (may be trimmed)
h  => sprite height (may be trimmed)

-->
<TextureAtlas imagePath="ArrowsBombs.png" width="157" height="108">
  <SimpleArrow anim_name = "simple_arrow">
    <sprite n="SimpleArrow" x="0" y="0" w="36" h="5" pX="18" pY="2"/>
  </SimpleArrow>

  <FireArrow anim_name = "fire_arrow">
    <sprite n="FireArrow" x="0" y="8" w="37" h="14" pX="18" pY="7"/>
    <sprite n="FireArrow" x="38" y="8" w="39" h="13" pX="18" pY="7"/>
    <sprite n="FireArrow" x="78" y="9" w="38" h="13" pX="18" pY="7"/>
  </FireArrow>

  <IceArrow anim_name = "ice_arrow">
    <sprite n="IceArrow" x="0" y="23" w="37" h="14" pX="18" pY="7"/>
    <sprite n="IceArrow" x="38" y="22" w="39" h="14" pX="18" pY="7"/>
    <sprite n="IceArrow" x="78" y="24" w="38" h="12" pX="18" pY="7"/>
  </IceArrow>

  <AirArrow anim_name = "air_arrow">
    <sprite n="AirArrow" x="0" y="38" w="37" h="14" pX="18" pY="7"/>
    <sprite n="AirArrow" x="38" y="37" w="39" h="14" pX="18" pY="7"/>
    <sprite n="AirArrow" x="79" y="39" w="37" h="12" pX="18" pY="7"/>
  </AirArrow>

  <SimpleBomb anim_name = "simple_bomb">
    <sprite n="SimpleBomb" x="0" y="54" w="10" h="10" pX="6" pY="6"/>

  </SimpleBomb>

  <FireBomb anim_name = "fire_bomb">
    <sprite n="FireBomb" x="0" y="65" w="26" h="17" pX="6" pY="10"/>
    <sprite n="FireBomb" x="28" y="66" w="24" h="16" pX="6" pY="9"/>
    <sprite n="FireBomb" x="54" y="66" w="23" h="17" pX="6" pY="9"/>
  </FireBomb>

  <IceBomb anim_name = "ice_bomb">
    <sprite n="IceBomb" x="0" y="83" w="25" h="17" pX="6" pY="10"/>
    <sprite n="IceBomb" x="27" y="84" w="24" h="16" pX="6" pY="9"/>
    <sprite n="IceBomb" x="53" y="84" w="23" h="17" pX="6" pY="9"/>
  </IceBomb>

  <AirBomb anim_name = "air_bomb">
    <sprite n="AirBomb" x="0" y="101" w="25" h="17" pX="6" pY="10"/>
    <sprite n="AirBomb" x="27" y="102" w="24" h="15" pX="6" pY="9"/>
    <sprite n="AirBomb" x="53" y="102" w="23" h="17" pX="6" pY="9"/>
  </AirBomb>

 <BuildingsFire anim_name="buildings_fire">		
		<sprite x="1" y="24" w="6" h="11" pX="3" pY="9"/>
		<sprite x="9" y="27" w="6" h="8" pX="3" pY="6"/>
		<sprite x="16" y="13" w="13" h="22" pX="8" pY="20"/>
		<sprite x="30" y="9" w="13" h="26" pX="8" pY="23"/>
		<sprite x="45" y="2" w="17" h="34" pX="9" pY="31"/>
		<sprite x="30" y="9" w="13" h="26" pX="8" pY="23"/>
		<sprite x="16" y="13" w="13" h="22" pX="8" pY="20"/>
		<sprite x="9" y="27" w="6" h="8" pX="3" pY="6"/>
		<sprite x="1" y="24" w="6" h="11" pX="3" pY="9"/>
</BuildingsFire>

<FireExplosion anim_name="fire_explosion">

    <sprite n="1.png" x="1" y="1" w="37" h="31" pX="18" pY="15" />
    <sprite n="2.png" x="40" y="1" w="34" h="32" pX="17" pY="16" />
    <sprite n="3.png" x="76" y="1" w="38" h="36" pX="19" pY="18" />
    <sprite n="4.png" x="116" y="1" w="38" h="34" pX="19" pY="17" />
    <sprite n="5.png" x="156" y="1" w="35" h="30" pX="17" pY="15" />
    <sprite n="6.png" x="1" y="39" w="16" h="26" pX="8" pY="13" />
    <sprite n="7.png" x="19" y="39" w="17" h="31" pX="8" pY="15" />
    <sprite n="8.png" x="38" y="39" w="18" h="33" pX="9" pY="16" />
    <sprite n="9.png" x="58" y="39" w="69" h="41" pX="34" pY="20"/>
    <sprite n="10.png" x="129" y="39" w="75" h="44" pX="37" pY="22"/>

</FireExplosion> 

<FireFloor anim_name="fire_floor">   
	
	<sprite n="10.png" x="129" y="39" w="75" h="44" pX="19" pY="37"/>
	<sprite n="21.png" x="63" y="156" w="73" h="43" pX="36" pY="21"/>

</FireFloor>
 
<IceExplosion anim_name="ice_explosion"> 
    <sprite n="11.png" x="1" y="85" w="31" h="29" pX="15" pY="14"/>
    <sprite n="12.png" x="34" y="85" w="32" h="30" pX="16" pY="15"/>
    <sprite n="13.png" x="68" y="85" w="36" h="34" pX="18" pY="17"/>
    <sprite n="14.png" x="106" y="85" w="36" h="32" pX="018" pY="16"/>
    <sprite n="15.png" x="144" y="85" w="33" h="29" pX="16" pY="14"/>
    <sprite n="16.png" x="1" y="121" w="66" h="33" pX="33" pY="16"/>
</IceExplosion>

<IceFloor anim_name="ice_floor">
    <sprite n="16.png" x="1" y="121" w="66" h="33" pX="33" pY="16"/>
    <sprite n="17.png" x="69" y="121" w="65" h="30" pX="33" pY="17"/>
    <sprite n="18.png" x="136" y="121" w="49" h="19" pX="24" pY="9"/>
    <sprite n="19.png" x="1" y="156" w="45" h="21" pX="22" pY="10"/>
    <sprite n="20.png" x="48" y="156" w="13" h="7" pX="6" pY="3"/>
</IceFloor>   

<MouseClickMove anim_name="mouse_click_move">
    <sprite n="1" x="0" y="0" w="51" h="30" pX="25" pY="15"/>
    <sprite n="2" x="0" y="30" w="47" h="30" pX="24" pY="15"/>
    <sprite n="3" x="47" y="30" w="40" h="27" pX="20" pY="13"/>
    <sprite n="4" x="0" y="60" w="32" h="23" pX="16" pY="12"/>
    <sprite n="5" x="32" y="60" w="23" h="17" pX="12" pY="9"/>
    <sprite n="6" x="55" y="60" w="17" h="10" pX="9" pY="5"/>
</MouseClickMove>

<MillAnimation anim_name="mill_rotation">
    <sprite n="1" x="0" y="0" w="201" h="224" pX="101" pY="101"/>
    <sprite n="2" x="201" y="0" w="212" h="222" pX="106" pY="103"/>
    <sprite n="3" x="413" y="0" w="214" h="221" pX="107" pY="101"/>
    <sprite n="4" x="627" y="0" w="208" h="213" pX="104" pY="94"/>
    <sprite n="5" x="0" y="223" w="191" h="203" pX="94" pY="84"/>
    <sprite n="6" x="191" y="223" w="175" h="208" pX="90" pY="90"/>
    <sprite n="7" x="366" y="222" w="188" h="217" pX="94" pY="96"/>
    <sprite n="8" x="554" y="220" w="199" h="221" pX="99" pY="98"/>
</MillAnimation>

<FishJump anim_name ="fish_jump">
    <sprite n="1" x="1" y="1" w="344" h="286" pX="304" pY="244"/>
    <sprite n="2" x="347" y="1" w="344" h="286" pX="-8" pY="-1"/>
    <sprite n="3" x="693" y="1" w="344" h="286" pX="-5" pY="15"/>
    <sprite n="4" x="1039" y="1" w="344" h="286" pX="-13" pY="24"/>
    <sprite n="5" x="1385" y="1" w="344" h="286" pX="-5" pY="24"/>
    <sprite n="6" x="1" y="289" w="344" h="286" pX="-4" pY="23"/>
    <sprite n="7" x="347" y="289" w="344" h="286" pX="-6" pY="23"/>
    <sprite n="8" x="693" y="289" w="344" h="286" pX="-9" pY="16"/>
    <sprite n="9" x="1039" y="289" w="344" h="286" pX="38" pY="18"/>
    <sprite n="10" x="1385" y="289" w="344" h="286" pX="41" pY="31"/>
    <sprite n="11" x="1" y="577" w="344" h="286" pX="42" pY="38"/>
    <sprite n="12" x="347" y="577" w="344" h="286" pX="39" pY="38"/>
    <sprite n="13" x="693" y="577" w="344" h="286" pX="41" pY="37"/>
    <sprite n="14" x="1039" y="577" w="344" h="286" pX="37" pY="36"/>
    <sprite n="15" x="1385" y="577" w="344" h="286" pX="34" pY="34"/>
    <sprite n="16" x="1" y="865" w="344" h="286" pX="26" pY="28"/>
    <sprite n="17" x="347" y="865" w="344" h="286" pX="16" pY="44"/>
    <sprite n="18" x="693" y="865" w="344" h="286" pX="19" pY="32"/>
    <sprite n="19" x="1039" y="865" w="344" h="286" pX="20" pY="37"/>
    <sprite n="20" x="1385" y="865" w="344" h="286" pX="21" pY="34"/>
    <sprite n="21" x="1" y="1153" w="344" h="286" pX="24" pY="32"/>
    <sprite n="22" x="347" y="1153" w="344" h="286" pX="15" pY="23"/>
    <sprite n="23" x="693" y="1153" w="344" h="286" pX="15" pY="16"/>
    <sprite n="24" x="1039" y="1153" w="344" h="286" pX="11" pY="11"/>
    <sprite n="25" x="1385" y="1153" w="344" h="286" pX="11" pY="17"/>
    <sprite n="26" x="1" y="1441" w="344" h="286" pX="13" pY="18"/>
    <sprite n="27" x="347" y="1441" w="344" h="286" pX="15" pY="16"/>
    <sprite n="28" x="693" y="1441" w="344" h="286" pX="6" pY="13"/>
    <sprite n="29" x="1039" y="1441" w="344" h="286" pX="6" pY="8"/>
    <sprite n="30" x="1" y="1" w="344" h="286" pX="304" pY="244"/>
</FishJump>

</TextureAtlas>

