<!--Format:
n  => name of the object
x  => sprite x pos in texture
y  => sprite y pos in texture
w  => sprite width (may be trimmed)
h  => sprite height (may be trimmed)

-->
<TextureAtlas imagePath="ArrowsBombs.png" width="157" height="108">
  <SimpleArrow anim_name = "simple_arrow">
    <sprite n="SimpleArrow" x="0" y="0" w="36" h="5" pX="18" pY="2"/>
  </SimpleArrow>

  <FireArrow anim_name = "fire_arrow">
    <sprite n="FireArrow" x="0" y="8" w="37" h="14" pX="18" pY="7"/>
    <sprite n="FireArrow" x="38" y="8" w="39" h="13" pX="18" pY="7"/>
    <sprite n="FireArrow" x="78" y="9" w="38" h="13" pX="18" pY="7"/>
  </FireArrow>

  <IceArrow anim_name = "ice_arrow">
    <sprite n="IceArrow" x="0" y="23" w="37" h="14" pX="18" pY="7"/>
    <sprite n="IceArrow" x="38" y="22" w="39" h="14" pX="18" pY="7"/>
    <sprite n="IceArrow" x="78" y="24" w="38" h="12" pX="18" pY="7"/>
  </IceArrow>

  <AirArrow anim_name = "air_arrow">
    <sprite n="AirArrow" x="0" y="38" w="37" h="14" pX="18" pY="7"/>
    <sprite n="AirArrow" x="38" y="37" w="39" h="14" pX="18" pY="7"/>
    <sprite n="AirArrow" x="79" y="39" w="37" h="12" pX="18" pY="7"/>
  </AirArrow>

  <SimpleBomb anim_name = "simple_bomb">
    <sprite n="SimpleBomb" x="0" y="54" w="10" h="10" pX="6" pY="6"/>

  </SimpleBomb>

  <FireBomb anim_name = "fire_bomb">
    <sprite n="FireBomb" x="0" y="65" w="26" h="17" pX="6" pY="10"/>
    <sprite n="FireBomb" x="28" y="66" w="24" h="16" pX="6" pY="9"/>
    <sprite n="FireBomb" x="54" y="66" w="23" h="17" pX="6" pY="9"/>
  </FireBomb>

  <IceBomb anim_name = "ice_bomb">
    <sprite n="IceBomb" x="0" y="83" w="25" h="17" pX="6" pY="10"/>
    <sprite n="IceBomb" x="27" y="84" w="24" h="16" pX="6" pY="9"/>
    <sprite n="IceBomb" x="53" y="84" w="23" h="17" pX="6" pY="9"/>
  </IceBomb>

  <AirBomb anim_name = "air_bomb">
    <sprite n="AirBomb" x="0" y="101" w="25" h="17" pX="6" pY="10"/>
    <sprite n="AirBomb" x="27" y="102" w="24" h="15" pX="6" pY="9"/>
    <sprite n="AirBomb" x="53" y="102" w="23" h="17" pX="6" pY="9"/>
  </AirBomb>

<FireFloor anim_name ="fire_floor">
    <sprite n="1" x="1" y="1" w="37" h="31" pX="19" pY="13" />
    <sprite n="2" x="40" y="1" w="34" h="32" pX="17" pY="13" />
    <sprite n="3" x="76" y="1" w="38" h="36" pX="19" pY="15" />
    <sprite n="4" x="1" y="39" w="38" h="34" pX="19" pY="14"  />
    <sprite n="5" x="41" y="39" w="35" h="30" pX="17" pY="12"  />
    <sprite n="6" x="78" y="39" w="16" h="26" pX="8" pY="18" />
    <sprite n="7" x="96" y="39" w="17" h="31" pX="8" pY="15" />
    <sprite n="8" x="115" y="39" w="18" h="33" pX="9" pY="16" />
    <sprite n="9" x="1" y="75" w="69" h="41" pX="34" pY="20"/>
    <sprite n="10" x="72" y="75" w="75" h="44" pX="37" pY="37"/>
</FireFloor>

</TextureAtlas>

