<?xml version="1.0" encoding="UTF-8"?>
<!-- Created with TexturePacker http://www.codeandweb.com/texturepacker-->
<!-- $TexturePacker:SmartUpdate:86fc718cad5f77f8823d060102159580:3030e63f575cdfaf67a0450e2f192f5a:49916466847d32e0129b19f06664d5b2$ -->
<!--Format:
n  => name of the sprite
x  => sprite x pos in texture
y  => sprite y pos in texture
w  => sprite width (may be trimmed)
h  => sprite height (may be trimmed)
pX => x pos of the pivot point (relative to sprite width)
pY => y pos of the pivot point (relative to sprite height)
oX => sprite's x-corner offset (only available if trimmed)
oY => sprite's y-corner offset (only available if trimmed)
oW => sprite's original width (only available if trimmed)
oH => sprite's original height (only available if trimmed)
r => 'y' only set if sprite is rotated
with polygon mode enabled:
vertices   => points in sprite coordinate system (x0,y0,x1,y1,x2,y2, ...)
verticesUV => points in sheet coordinate system (x0,y0,x1,y1,x2,y2, ...)
triangles  => sprite triangulation, 3 vertex indices per triangle
-->
<TextureAtlas imagePath="ArrowOnTerrain.png" width="92" height="92">
    <sprite n="000_ArrowOnTerrain.bmp" x="1" y="1" w="3" h="21" pX="1" pY="0.619048"/>
    <sprite n="001_ArrowOnTerrain.bmp" x="6" y="1" w="1" h="13" pX="2" pY="0.384615"/>
    <sprite n="002_ArrowOnTerrain.bmp" x="9" y="1" w="1" h="7" pX="2" pY="-0.142857"/>
    <sprite n="003_ArrowOnTerrain.bmp" x="12" y="1" w="4" h="21" pX="0.75" pY="0.619048"/>
    <sprite n="004_ArrowOnTerrain.bmp" x="18" y="1" w="3" h="14" pX="1" pY="0.428571"/>
    <sprite n="005_ArrowOnTerrain.bmp" x="23" y="1" w="2" h="7" pX="1.5" pY="-0.142857"/>
    <sprite n="006_ArrowOnTerrain.bmp" x="27" y="1" w="5" h="21" pX="0.6" pY="0.619048"/>
    <sprite n="007_ArrowOnTerrain.bmp" x="34" y="1" w="3" h="15" pX="1" pY="0.466667"/>
    <sprite n="008_ArrowOnTerrain.bmp" x="39" y="1" w="2" h="8" pX="1.5" pY="0"/>
    <sprite n="009_ArrowOnTerrain.bmp" x="43" y="1" w="7" h="22" pX="0.571429" pY="0.590909"/>
    <sprite n="010_ArrowOnTerrain.bmp" x="52" y="1" w="5" h="17" pX="0.8" pY="0.470588"/>
    <sprite n="011_ArrowOnTerrain.bmp" x="59" y="1" w="3" h="10" pX="1.33333" pY="0.1"/>
    <sprite n="012_ArrowOnTerrain.bmp" x="64" y="1" w="8" h="22" pX="0.5" pY="0.590909"/>
    <sprite n="013_ArrowOnTerrain.bmp" x="74" y="1" w="5" h="19" pX="0.8" pY="0.526316"/>
    <sprite n="014_ArrowOnTerrain.bmp" x="81" y="1" w="4" h="12" pX="1" pY="0.25"/>
    <sprite n="015_ArrowOnTerrain.bmp" x="1" y="25" w="8" h="21" pX="0.5" pY="0.619048"/>
    <sprite n="016_ArrowOnTerrain.bmp" x="11" y="25" w="6" h="19" pX="0.666667" pY="0.578947"/>
    <sprite n="017_ArrowOnTerrain.bmp" x="19" y="25" w="4" h="10" pX="1" pY="0.2"/>
    <sprite n="018_ArrowOnTerrain.bmp" x="25" y="25" w="8" h="21" pX="0.5" pY="0.619048"/>
    <sprite n="019_ArrowOnTerrain.bmp" x="35" y="25" w="6" h="17" pX="0.666667" pY="0.529412"/>
    <sprite n="020_ArrowOnTerrain.bmp" x="43" y="25" w="3" h="8" pX="1.33333" pY="0"/>
    <sprite n="021_ArrowOnTerrain.bmp" x="48" y="25" w="9" h="20" pX="0.555556" pY="0.6"/>
    <sprite n="022_ArrowOnTerrain.bmp" x="59" y="25" w="6" h="14" pX="0.833333" pY="0.428571"/>
    <sprite n="023_ArrowOnTerrain.bmp" x="67" y="25" w="4" h="8" pX="1.25" pY="0"/>
    <sprite n="024_ArrowOnTerrain.bmp" x="73" y="25" w="9" h="20" pX="0.555556" pY="0.6"/>
    <sprite n="025_ArrowOnTerrain.bmp" x="84" y="25" w="7" h="14" pX="0.714286" pY="0.428571"/>
    <sprite n="026_ArrowOnTerrain.bmp" x="1" y="48" w="5" h="9" pX="1" pY="0.111111"/>
    <sprite n="027_ArrowOnTerrain.bmp" x="8" y="48" w="9" h="20" pX="0.555556" pY="0.6"/>
    <sprite n="028_ArrowOnTerrain.bmp" x="19" y="48" w="6" h="14" pX="0.833333" pY="0.428571"/>
    <sprite n="029_ArrowOnTerrain.bmp" x="27" y="48" w="4" h="8" pX="1.25" pY="0"/>
    <sprite n="030_ArrowOnTerrain.bmp" x="33" y="48" w="8" h="18" pX="0.5" pY="0.611111"/>
    <sprite n="031_ArrowOnTerrain.bmp" x="43" y="48" w="6" h="16" pX="0.666667" pY="0.5625"/>
    <sprite n="032_ArrowOnTerrain.bmp" x="51" y="48" w="5" h="11" pX="0.8" pY="0.363636"/>
    <sprite n="033_ArrowOnTerrain.bmp" x="58" y="48" w="8" h="17" pX="0.5" pY="0.588235"/>
    <sprite n="034_ArrowOnTerrain.bmp" x="68" y="48" w="6" h="14" pX="0.666667" pY="0.5"/>
    <sprite n="035_ArrowOnTerrain.bmp" x="76" y="48" w="4" h="9" pX="1" pY="0.222222"/>
    <sprite n="036_ArrowOnTerrain.bmp" x="82" y="48" w="8" h="18" pX="0.5" pY="0.611111"/>
    <sprite n="037_ArrowOnTerrain.bmp" x="1" y="70" w="5" h="16" pX="0.8" pY="0.5625"/>
    <sprite n="038_ArrowOnTerrain.bmp" x="8" y="70" w="4" h="8" pX="1" pY="0.125"/>
    <sprite n="039_ArrowOnTerrain.bmp" x="14" y="70" w="6" h="18" pX="0.5" pY="0.611111"/>
    <sprite n="040_ArrowOnTerrain.bmp" x="22" y="70" w="4" h="14" pX="0.75" pY="0.5"/>
    <sprite n="041_ArrowOnTerrain.bmp" x="28" y="70" w="3" h="9" pX="1" pY="0.222222"/>
    <sprite n="042_ArrowOnTerrain.bmp" x="33" y="70" w="7" h="15" pX="0.571429" pY="0.533333"/>
    <sprite n="043_ArrowOnTerrain.bmp" x="42" y="70" w="4" h="8" pX="1" pY="0.375"/>
    <sprite n="044_ArrowOnTerrain.bmp" x="48" y="70" w="3" h="4" pX="1.33333" pY="-0.25"/>
    <sprite n="045_ArrowOnTerrain.bmp" x="53" y="70" w="3" h="17" pX="0.333333" pY="0.588235"/>
    <sprite n="046_ArrowOnTerrain.bmp" x="58" y="70" w="3" h="12" pX="0.666667" pY="0.333333"/>
    <sprite n="047_ArrowOnTerrain.bmp" x="63" y="70" w="3" h="8" pX="0.666667" pY="0"/>
    <sprite n="048_ArrowOnTerrain.bmp" x="68" y="70" w="4" h="17" pX="0.5" pY="0.588235"/>
    <sprite n="049_ArrowOnTerrain.bmp" x="74" y="70" w="3" h="13" pX="0.666667" pY="0.461538"/>
    <sprite n="050_ArrowOnTerrain.bmp" x="79" y="70" w="3" h="9" pX="0.666667" pY="0.222222"/>
</TextureAtlas>
