<?xml version="1.0" encoding="UTF-8"?>
<!-- Created with TexturePacker http://www.codeandweb.com/texturepacker-->
<!-- $TexturePacker:SmartUpdate:86fc718cad5f77f8823d060102159580:3030e63f575cdfaf67a0450e2f192f5a:49916466847d32e0129b19f06664d5b2$ -->
<!--Format:
n  => name of the sprite
x  => sprite x pos in texture
y  => sprite y pos in texture
w  => sprite width (may be trimmed)
h  => sprite height (may be trimmed)
pX => x pos of the pivot point (relative to sprite width)
pY => y pos of the pivot point (relative to sprite height)
oX => sprite's x-corner offset (only available if trimmed)
oY => sprite's y-corner offset (only available if trimmed)
oW => sprite's original width (only available if trimmed)
oH => sprite's original height (only available if trimmed)
r => 'y' only set if sprite is rotated
with polygon mode enabled:
vertices   => points in sprite coordinate system (x0,y0,x1,y1,x2,y2, ...)
verticesUV => points in sheet coordinate system (x0,y0,x1,y1,x2,y2, ...)
triangles  => sprite triangulation, 3 vertex indices per triangle
-->
<Sprites>
<ArrowTexture imagePath="ArrowOnTerrain.png" width="92" height="92">
    <sprite n="000_ArrowOnTerrain.bmp" x="1" y="1" w="3" h="21" pX="1" pY="0.619048"/>
    <sprite n="001_ArrowOnTerrain.bmp" x="6" y="1" w="1" h="13" pX="2" pY="0.384615"/>
    <sprite n="002_ArrowOnTerrain.bmp" x="9" y="1" w="1" h="7" pX="2" pY="-0.142857"/>
    <sprite n="003_ArrowOnTerrain.bmp" x="12" y="1" w="4" h="21" pX="0.75" pY="0.619048"/>
    <sprite n="004_ArrowOnTerrain.bmp" x="18" y="1" w="3" h="14" pX="1" pY="0.428571"/>
    <sprite n="005_ArrowOnTerrain.bmp" x="23" y="1" w="2" h="7" pX="1.5" pY="-0.142857"/>
    <sprite n="006_ArrowOnTerrain.bmp" x="27" y="1" w="5" h="21" pX="0.6" pY="0.619048"/>
    <sprite n="007_ArrowOnTerrain.bmp" x="34" y="1" w="3" h="15" pX="1" pY="0.466667"/>
    <sprite n="008_ArrowOnTerrain.bmp" x="39" y="1" w="2" h="8" pX="1.5" pY="0"/>
    <sprite n="009_ArrowOnTerrain.bmp" x="43" y="1" w="7" h="22" pX="0.571429" pY="0.590909"/>
    <sprite n="010_ArrowOnTerrain.bmp" x="52" y="1" w="5" h="17" pX="0.8" pY="0.470588"/>
    <sprite n="011_ArrowOnTerrain.bmp" x="59" y="1" w="3" h="10" pX="1.33333" pY="0.1"/>
    <sprite n="012_ArrowOnTerrain.bmp" x="64" y="1" w="8" h="22" pX="0.5" pY="0.590909"/>
    <sprite n="013_ArrowOnTerrain.bmp" x="74" y="1" w="5" h="19" pX="0.8" pY="0.526316"/>
    <sprite n="014_ArrowOnTerrain.bmp" x="81" y="1" w="4" h="12" pX="1" pY="0.25"/>
    <sprite n="015_ArrowOnTerrain.bmp" x="1" y="25" w="8" h="21" pX="0.5" pY="0.619048"/>
    <sprite n="016_ArrowOnTerrain.bmp" x="11" y="25" w="6" h="19" pX="0.666667" pY="0.578947"/>
    <sprite n="017_ArrowOnTerrain.bmp" x="19" y="25" w="4" h="10" pX="1" pY="0.2"/>
    <sprite n="018_ArrowOnTerrain.bmp" x="25" y="25" w="8" h="21" pX="0.5" pY="0.619048"/>
    <sprite n="019_ArrowOnTerrain.bmp" x="35" y="25" w="6" h="17" pX="0.666667" pY="0.529412"/>
    <sprite n="020_ArrowOnTerrain.bmp" x="43" y="25" w="3" h="8" pX="1.33333" pY="0"/>
    <sprite n="021_ArrowOnTerrain.bmp" x="48" y="25" w="9" h="20" pX="0.555556" pY="0.6"/>
    <sprite n="022_ArrowOnTerrain.bmp" x="59" y="25" w="6" h="14" pX="0.833333" pY="0.428571"/>
    <sprite n="023_ArrowOnTerrain.bmp" x="67" y="25" w="4" h="8" pX="1.25" pY="0"/>
    <sprite n="024_ArrowOnTerrain.bmp" x="73" y="25" w="9" h="20" pX="0.555556" pY="0.6"/>
    <sprite n="025_ArrowOnTerrain.bmp" x="84" y="25" w="7" h="14" pX="0.714286" pY="0.428571"/>
    <sprite n="026_ArrowOnTerrain.bmp" x="1" y="48" w="5" h="9" pX="1" pY="0.111111"/>
    <sprite n="027_ArrowOnTerrain.bmp" x="8" y="48" w="9" h="20" pX="0.555556" pY="0.6"/>
    <sprite n="028_ArrowOnTerrain.bmp" x="19" y="48" w="6" h="14" pX="0.833333" pY="0.428571"/>
    <sprite n="029_ArrowOnTerrain.bmp" x="27" y="48" w="4" h="8" pX="1.25" pY="0"/>
    <sprite n="030_ArrowOnTerrain.bmp" x="33" y="48" w="8" h="18" pX="0.5" pY="0.611111"/>
    <sprite n="031_ArrowOnTerrain.bmp" x="43" y="48" w="6" h="16" pX="0.666667" pY="0.5625"/>
    <sprite n="032_ArrowOnTerrain.bmp" x="51" y="48" w="5" h="11" pX="0.8" pY="0.363636"/>
    <sprite n="033_ArrowOnTerrain.bmp" x="58" y="48" w="8" h="17" pX="0.5" pY="0.588235"/>
    <sprite n="034_ArrowOnTerrain.bmp" x="68" y="48" w="6" h="14" pX="0.666667" pY="0.5"/>
    <sprite n="035_ArrowOnTerrain.bmp" x="76" y="48" w="4" h="9" pX="1" pY="0.222222"/>
    <sprite n="036_ArrowOnTerrain.bmp" x="82" y="48" w="8" h="18" pX="0.5" pY="0.611111"/>
    <sprite n="037_ArrowOnTerrain.bmp" x="1" y="70" w="5" h="16" pX="0.8" pY="0.5625"/>
    <sprite n="038_ArrowOnTerrain.bmp" x="8" y="70" w="4" h="8" pX="1" pY="0.125"/>
    <sprite n="039_ArrowOnTerrain.bmp" x="14" y="70" w="6" h="18" pX="0.5" pY="0.611111"/>
    <sprite n="040_ArrowOnTerrain.bmp" x="22" y="70" w="4" h="14" pX="0.75" pY="0.5"/>
    <sprite n="041_ArrowOnTerrain.bmp" x="28" y="70" w="3" h="9" pX="1" pY="0.222222"/>
    <sprite n="042_ArrowOnTerrain.bmp" x="33" y="70" w="7" h="15" pX="0.571429" pY="0.533333"/>
    <sprite n="043_ArrowOnTerrain.bmp" x="42" y="70" w="4" h="8" pX="1" pY="0.375"/>
    <sprite n="044_ArrowOnTerrain.bmp" x="48" y="70" w="3" h="4" pX="1.33333" pY="-0.25"/>
    <sprite n="045_ArrowOnTerrain.bmp" x="53" y="70" w="3" h="17" pX="0.333333" pY="0.588235"/>
    <sprite n="046_ArrowOnTerrain.bmp" x="58" y="70" w="3" h="12" pX="0.666667" pY="0.333333"/>
    <sprite n="047_ArrowOnTerrain.bmp" x="63" y="70" w="3" h="8" pX="0.666667" pY="0"/>
    <sprite n="048_ArrowOnTerrain.bmp" x="68" y="70" w="4" h="17" pX="0.5" pY="0.588235"/>
    <sprite n="049_ArrowOnTerrain.bmp" x="74" y="70" w="3" h="13" pX="0.666667" pY="0.461538"/>
    <sprite n="050_ArrowOnTerrain.bmp" x="79" y="70" w="3" h="9" pX="0.666667" pY="0.222222"/>
</ArrowTexture>
</VerticalArrowAngles imagePath="VerticalArrowAngles.png" width="314" height="314">
    <sprite n="000_VerticalArrowAngles.bmp" x="1" y="1" w="5" h="22" pX="0.8" pY="0.5"/>
    <sprite n="001_VerticalArrowAngles.bmp" x="8" y="1" w="5" h="17" pX="0.8" pY="0.470588"/>
    <sprite n="002_VerticalArrowAngles.bmp" x="15" y="1" w="5" h="11" pX="0.8" pY="0.454545"/>
    <sprite n="003_VerticalArrowAngles.bmp" x="22" y="1" w="5" h="5" pX="0.8" pY="0.6"/>
    <sprite n="004_VerticalArrowAngles.bmp" x="29" y="1" w="5" h="10" pX="0.8" pY="0.5"/>
    <sprite n="005_VerticalArrowAngles.bmp" x="36" y="1" w="5" h="16" pX="0.8" pY="0.5"/>
    <sprite n="006_VerticalArrowAngles.bmp" x="43" y="1" w="5" h="21" pX="0.8" pY="0.52381"/>
    <sprite n="007_VerticalArrowAngles.bmp" x="50" y="1" w="5" h="25" pX="0.8" pY="0.52"/>
    <sprite n="008_VerticalArrowAngles.bmp" x="57" y="1" w="5" h="28" pX="0.8" pY="0.5"/>
    <sprite n="009_VerticalArrowAngles.bmp" x="64" y="1" w="5" h="28" pX="0.8" pY="0.5"/>
    <sprite n="010_VerticalArrowAngles.bmp" x="71" y="1" w="5" h="28" pX="0.8" pY="0.5"/>
    <sprite n="011_VerticalArrowAngles.bmp" x="78" y="1" w="6" h="21" pX="0.666667" pY="0.47619"/>
    <sprite n="012_VerticalArrowAngles.bmp" x="86" y="1" w="8" h="17" pX="0.625" pY="0.470588"/>
    <sprite n="013_VerticalArrowAngles.bmp" x="96" y="1" w="8" h="10" pX="0.625" pY="0.5"/>
    <sprite n="014_VerticalArrowAngles.bmp" x="106" y="1" w="8" h="6" pX="0.625" pY="0.5"/>
    <sprite n="015_VerticalArrowAngles.bmp" x="116" y="1" w="9" h="9" pX="0.555556" pY="0.555556"/>
    <sprite n="016_VerticalArrowAngles.bmp" x="127" y="1" w="9" h="15" pX="0.555556" pY="0.533333"/>
    <sprite n="017_VerticalArrowAngles.bmp" x="138" y="1" w="9" h="21" pX="0.555556" pY="0.52381"/>
    <sprite n="018_VerticalArrowAngles.bmp" x="149" y="1" w="9" h="25" pX="0.555556" pY="0.52"/>
    <sprite n="019_VerticalArrowAngles.bmp" x="160" y="1" w="8" h="28" pX="0.625" pY="0.5"/>
    <sprite n="020_VerticalArrowAngles.bmp" x="170" y="1" w="8" h="28" pX="0.625" pY="0.5"/>
    <sprite n="021_VerticalArrowAngles.bmp" x="180" y="1" w="6" h="27" pX="0.666667" pY="0.518519"/>
    <sprite n="022_VerticalArrowAngles.bmp" x="188" y="1" w="8" h="22" pX="0.625" pY="0.5"/>
    <sprite n="023_VerticalArrowAngles.bmp" x="198" y="1" w="9" h="17" pX="0.555556" pY="0.470588"/>
    <sprite n="024_VerticalArrowAngles.bmp" x="209" y="1" w="11" h="11" pX="0.545455" pY="0.454545"/>
    <sprite n="025_VerticalArrowAngles.bmp" x="222" y="1" w="13" h="6" pX="0.538462" pY="0.5"/>
    <sprite n="026_VerticalArrowAngles.bmp" x="237" y="1" w="14" h="9" pX="0.571429" pY="0.555556"/>
    <sprite n="027_VerticalArrowAngles.bmp" x="253" y="1" w="15" h="15" pX="0.533333" pY="0.533333"/>
    <sprite n="028_VerticalArrowAngles.bmp" x="270" y="1" w="14" h="21" pX="0.571429" pY="0.52381"/>
    <sprite n="029_VerticalArrowAngles.bmp" x="286" y="1" w="13" h="24" pX="0.538462" pY="0.5"/>
    <sprite n="030_VerticalArrowAngles.bmp" x="301" y="1" w="12" h="27" pX="0.5" pY="0.518519"/>
    <sprite n="031_VerticalArrowAngles.bmp" x="1" y="31" w="10" h="28" pX="0.5" pY="0.5"/>
    <sprite n="032_VerticalArrowAngles.bmp" x="13" y="31" w="7" h="28" pX="0.571429" pY="0.5"/>
    <sprite n="033_VerticalArrowAngles.bmp" x="22" y="31" w="9" h="22" pX="0.555556" pY="0.454545"/>
    <sprite n="034_VerticalArrowAngles.bmp" x="33" y="31" w="11" h="17" pX="0.545455" pY="0.470588"/>
    <sprite n="035_VerticalArrowAngles.bmp" x="46" y="31" w="15" h="13" pX="0.533333" pY="0.461538"/>
    <sprite n="036_VerticalArrowAngles.bmp" x="63" y="31" w="17" h="7" pX="0.529412" pY="0.428571"/>
    <sprite n="037_VerticalArrowAngles.bmp" x="82" y="31" w="18" h="9" pX="0.555556" pY="0.555556"/>
    <sprite n="038_VerticalArrowAngles.bmp" x="102" y="31" w="18" h="14" pX="0.555556" pY="0.5"/>
    <sprite n="039_VerticalArrowAngles.bmp" x="122" y="31" w="19" h="19" pX="0.526316" pY="0.526316"/>
    <sprite n="040_VerticalArrowAngles.bmp" x="143" y="31" w="17" h="24" pX="0.470588" pY="0.5"/>
    <sprite n="041_VerticalArrowAngles.bmp" x="162" y="31" w="15" h="27" pX="0.533333" pY="0.518519"/>
    <sprite n="042_VerticalArrowAngles.bmp" x="179" y="31" w="11" h="28" pX="0.545455" pY="0.5"/>
    <sprite n="043_VerticalArrowAngles.bmp" x="192" y="31" w="9" h="27" pX="0.555556" pY="0.518519"/>
    <sprite n="044_VerticalArrowAngles.bmp" x="203" y="31" w="10" h="23" pX="0.5" pY="0.478261"/>
    <sprite n="045_VerticalArrowAngles.bmp" x="215" y="31" w="13" h="18" pX="0.538462" pY="0.5"/>
    <sprite n="046_VerticalArrowAngles.bmp" x="230" y="31" w="16" h="13" pX="0.5625" pY="0.461538"/>
    <sprite n="047_VerticalArrowAngles.bmp" x="248" y="31" w="19" h="9" pX="0.526316" pY="0.444444"/>
    <sprite n="048_VerticalArrowAngles.bmp" x="269" y="31" w="22" h="7" pX="0.545455" pY="0.571429"/>
    <sprite n="049_VerticalArrowAngles.bmp" x="1" y="61" w="22" h="13" pX="0.545455" pY="0.538462"/>
    <sprite n="050_VerticalArrowAngles.bmp" x="25" y="61" w="22" h="17" pX="0.5" pY="0.529412"/>
    <sprite n="051_VerticalArrowAngles.bmp" x="49" y="61" w="21" h="23" pX="0.52381" pY="0.521739"/>
    <sprite n="052_VerticalArrowAngles.bmp" x="72" y="61" w="17" h="25" pX="0.529412" pY="0.52"/>
    <sprite n="053_VerticalArrowAngles.bmp" x="91" y="61" w="14" h="27" pX="0.5" pY="0.518519"/>
    <sprite n="054_VerticalArrowAngles.bmp" x="107" y="61" w="10" h="27" pX="0.5" pY="0.518519"/>
    <sprite n="055_VerticalArrowAngles.bmp" x="119" y="61" w="10" h="23" pX="0.5" pY="0.478261"/>
    <sprite n="056_VerticalArrowAngles.bmp" x="131" y="61" w="16" h="20" pX="0.5" pY="0.45"/>
    <sprite n="057_VerticalArrowAngles.bmp" x="149" y="61" w="19" h="15" pX="0.526316" pY="0.466667"/>
    <sprite n="058_VerticalArrowAngles.bmp" x="170" y="61" w="22" h="9" pX="0.545455" pY="0.444444"/>
    <sprite n="059_VerticalArrowAngles.bmp" x="194" y="61" w="24" h="6" pX="0.541667" pY="0.5"/>
    <sprite n="060_VerticalArrowAngles.bmp" x="220" y="61" w="25" h="11" pX="0.52" pY="0.545455"/>
    <sprite n="061_VerticalArrowAngles.bmp" x="247" y="61" w="25" h="17" pX="0.52" pY="0.529412"/>
    <sprite n="062_VerticalArrowAngles.bmp" x="274" y="61" w="23" h="21" pX="0.521739" pY="0.52381"/>
    <sprite n="063_VerticalArrowAngles.bmp" x="1" y="90" w="20" h="25" pX="0.5" pY="0.52"/>
    <sprite n="064_VerticalArrowAngles.bmp" x="23" y="90" w="16" h="26" pX="0.5" pY="0.5"/>
    <sprite n="065_VerticalArrowAngles.bmp" x="41" y="90" w="10" h="27" pX="0.5" pY="0.518519"/>
    <sprite n="066_VerticalArrowAngles.bmp" x="53" y="90" w="11" h="24" pX="0.545455" pY="0.5"/>
    <sprite n="067_VerticalArrowAngles.bmp" x="66" y="90" w="17" h="21" pX="0.529412" pY="0.47619"/>
    <sprite n="068_VerticalArrowAngles.bmp" x="85" y="90" w="21" h="17" pX="0.52381" pY="0.470588"/>
    <sprite n="069_VerticalArrowAngles.bmp" x="108" y="90" w="24" h="11" pX="0.541667" pY="0.454545"/>
    <sprite n="070_VerticalArrowAngles.bmp" x="134" y="90" w="26" h="6" pX="0.538462" pY="0.5"/>
    <sprite n="071_VerticalArrowAngles.bmp" x="162" y="90" w="28" h="9" pX="0.535714" pY="0.555556"/>
    <sprite n="072_VerticalArrowAngles.bmp" x="192" y="90" w="27" h="15" pX="0.518519" pY="0.533333"/>
    <sprite n="073_VerticalArrowAngles.bmp" x="221" y="90" w="25" h="19" pX="0.52" pY="0.526316"/>
    <sprite n="074_VerticalArrowAngles.bmp" x="248" y="90" w="22" h="23" pX="0.5" pY="0.521739"/>
    <sprite n="075_VerticalArrowAngles.bmp" x="272" y="90" w="16" h="25" pX="0.5" pY="0.52"/>
    <sprite n="076_VerticalArrowAngles.bmp" x="290" y="90" w="11" h="26" pX="0.545455" pY="0.538462"/>
    <sprite n="077_VerticalArrowAngles.bmp" x="1" y="119" w="11" h="25" pX="0.545455" pY="0.48"/>
    <sprite n="078_VerticalArrowAngles.bmp" x="14" y="119" w="17" h="22" pX="0.529412" pY="0.5"/>
    <sprite n="079_VerticalArrowAngles.bmp" x="33" y="119" w="21" h="18" pX="0.52381" pY="0.444444"/>
    <sprite n="080_VerticalArrowAngles.bmp" x="56" y="119" w="26" h="13" pX="0.538462" pY="0.461538"/>
    <sprite n="081_VerticalArrowAngles.bmp" x="84" y="119" w="28" h="8" pX="0.535714" pY="0.375"/>
    <sprite n="082_VerticalArrowAngles.bmp" x="114" y="119" w="29" h="7" pX="0.517241" pY="0.571429"/>
    <sprite n="083_VerticalArrowAngles.bmp" x="145" y="119" w="28" h="11" pX="0.5" pY="0.545455"/>
    <sprite n="084_VerticalArrowAngles.bmp" x="175" y="119" w="25" h="17" pX="0.52" pY="0.529412"/>
    <sprite n="085_VerticalArrowAngles.bmp" x="202" y="119" w="22" h="21" pX="0.5" pY="0.52381"/>
    <sprite n="086_VerticalArrowAngles.bmp" x="226" y="119" w="17" h="25" pX="0.529412" pY="0.52"/>
    <sprite n="087_VerticalArrowAngles.bmp" x="245" y="119" w="11" h="26" pX="0.545455" pY="0.5"/>
    <sprite n="088_VerticalArrowAngles.bmp" x="258" y="119" w="11" h="25" pX="0.545455" pY="0.48"/>
    <sprite n="089_VerticalArrowAngles.bmp" x="271" y="119" w="17" h="23" pX="0.529412" pY="0.478261"/>
    <sprite n="090_VerticalArrowAngles.bmp" x="290" y="119" w="23" h="20" pX="0.521739" pY="0.45"/>
    <sprite n="091_VerticalArrowAngles.bmp" x="1" y="147" w="26" h="15" pX="0.538462" pY="0.466667"/>
    <sprite n="092_VerticalArrowAngles.bmp" x="29" y="147" w="29" h="10" pX="0.517241" pY="0.4"/>
    <sprite n="093_VerticalArrowAngles.bmp" x="60" y="147" w="29" h="6" pX="0.517241" pY="0.5"/>
    <sprite n="094_VerticalArrowAngles.bmp" x="91" y="147" w="29" h="11" pX="0.517241" pY="0.545455"/>
    <sprite n="095_VerticalArrowAngles.bmp" x="122" y="147" w="26" h="15" pX="0.538462" pY="0.533333"/>
    <sprite n="096_VerticalArrowAngles.bmp" x="150" y="147" w="22" h="19" pX="0.5" pY="0.526316"/>
    <sprite n="097_VerticalArrowAngles.bmp" x="174" y="147" w="17" h="23" pX="0.529412" pY="0.521739"/>
    <sprite n="098_VerticalArrowAngles.bmp" x="193" y="147" w="11" h="25" pX="0.545455" pY="0.52"/>
    <sprite n="099_VerticalArrowAngles.bmp" x="206" y="147" w="11" h="25" pX="0.545455" pY="0.48"/>
    <sprite n="100_VerticalArrowAngles.bmp" x="219" y="147" w="17" h="25" pX="0.529412" pY="0.48"/>
    <sprite n="101_VerticalArrowAngles.bmp" x="238" y="147" w="23" h="22" pX="0.521739" pY="0.454545"/>
    <sprite n="102_VerticalArrowAngles.bmp" x="263" y="147" w="27" h="18" pX="0.518519" pY="0.444444"/>
    <sprite n="103_VerticalArrowAngles.bmp" x="1" y="174" w="28" h="12" pX="0.5" pY="0.416667"/>
    <sprite n="104_VerticalArrowAngles.bmp" x="31" y="174" w="28" h="7" pX="0.5" pY="0.428571"/>
    <sprite n="105_VerticalArrowAngles.bmp" x="61" y="174" w="27" h="9" pX="0.518519" pY="0.555556"/>
    <sprite n="106_VerticalArrowAngles.bmp" x="90" y="174" w="25" h="13" pX="0.52" pY="0.538462"/>
    <sprite n="107_VerticalArrowAngles.bmp" x="117" y="174" w="22" h="17" pX="0.5" pY="0.529412"/>
    <sprite n="108_VerticalArrowAngles.bmp" x="141" y="174" w="17" h="22" pX="0.529412" pY="0.5"/>
    <sprite n="109_VerticalArrowAngles.bmp" x="160" y="174" w="11" h="25" pX="0.545455" pY="0.52"/>
    <sprite n="110_VerticalArrowAngles.bmp" x="173" y="174" w="11" h="26" pX="0.545455" pY="0.5"/>
    <sprite n="111_VerticalArrowAngles.bmp" x="186" y="174" w="16" h="25" pX="0.5" pY="0.48"/>
    <sprite n="112_VerticalArrowAngles.bmp" x="204" y="174" w="22" h="23" pX="0.5" pY="0.478261"/>
    <sprite n="113_VerticalArrowAngles.bmp" x="228" y="174" w="25" h="19" pX="0.52" pY="0.473684"/>
    <sprite n="114_VerticalArrowAngles.bmp" x="255" y="174" w="27" h="14" pX="0.518519" pY="0.428571"/>
    <sprite n="115_VerticalArrowAngles.bmp" x="284" y="174" w="27" h="9" pX="0.518519" pY="0.444444"/>
    <sprite n="116_VerticalArrowAngles.bmp" x="1" y="202" w="27" h="7" pX="0.518519" pY="0.571429"/>
    <sprite n="117_VerticalArrowAngles.bmp" x="30" y="202" w="24" h="11" pX="0.541667" pY="0.545455"/>
    <sprite n="118_VerticalArrowAngles.bmp" x="56" y="202" w="21" h="17" pX="0.52381" pY="0.529412"/>
    <sprite n="119_VerticalArrowAngles.bmp" x="79" y="202" w="16" h="20" pX="0.5" pY="0.5"/>
    <sprite n="120_VerticalArrowAngles.bmp" x="97" y="202" w="10" h="23" pX="0.5" pY="0.521739"/>
    <sprite n="121_VerticalArrowAngles.bmp" x="109" y="202" w="10" h="27" pX="0.5" pY="0.481481"/>
    <sprite n="122_VerticalArrowAngles.bmp" x="121" y="202" w="15" h="27" pX="0.533333" pY="0.481481"/>
    <sprite n="123_VerticalArrowAngles.bmp" x="138" y="202" w="20" h="24" pX="0.5" pY="0.458333"/>
    <sprite n="124_VerticalArrowAngles.bmp" x="160" y="202" w="23" h="22" pX="0.521739" pY="0.454545"/>
    <sprite n="125_VerticalArrowAngles.bmp" x="185" y="202" w="25" h="16" pX="0.52" pY="0.4375"/>
    <sprite n="126_VerticalArrowAngles.bmp" x="212" y="202" w="25" h="11" pX="0.52" pY="0.454545"/>
    <sprite n="127_VerticalArrowAngles.bmp" x="239" y="202" w="25" h="6" pX="0.52" pY="0.333333"/>
    <sprite n="128_VerticalArrowAngles.bmp" x="266" y="202" w="21" h="9" pX="0.52381" pY="0.555556"/>
    <sprite n="129_VerticalArrowAngles.bmp" x="289" y="202" w="19" h="15" pX="0.526316" pY="0.533333"/>
    <sprite n="130_VerticalArrowAngles.bmp" x="1" y="231" w="16" h="19" pX="0.5" pY="0.526316"/>
    <sprite n="131_VerticalArrowAngles.bmp" x="19" y="231" w="10" h="22" pX="0.5" pY="0.5"/>
    <sprite n="132_VerticalArrowAngles.bmp" x="31" y="231" w="9" h="27" pX="0.555556" pY="0.481481"/>
    <sprite n="133_VerticalArrowAngles.bmp" x="42" y="231" w="14" h="27" pX="0.5" pY="0.481481"/>
    <sprite n="134_VerticalArrowAngles.bmp" x="58" y="231" w="18" h="26" pX="0.5" pY="0.461538"/>
    <sprite n="135_VerticalArrowAngles.bmp" x="78" y="231" w="20" h="22" pX="0.5" pY="0.454545"/>
    <sprite n="136_VerticalArrowAngles.bmp" x="100" y="231" w="21" h="18" pX="0.52381" pY="0.444444"/>
    <sprite n="137_VerticalArrowAngles.bmp" x="123" y="231" w="22" h="12" pX="0.5" pY="0.416667"/>
    <sprite n="138_VerticalArrowAngles.bmp" x="147" y="231" w="22" h="8" pX="0.5" pY="0.375"/>
    <sprite n="139_VerticalArrowAngles.bmp" x="171" y="231" w="19" h="8" pX="0.526316" pY="0.5"/>
    <sprite n="140_VerticalArrowAngles.bmp" x="192" y="231" w="17" h="13" pX="0.529412" pY="0.538462"/>
    <sprite n="141_VerticalArrowAngles.bmp" x="211" y="231" w="14" h="18" pX="0.5" pY="0.5"/>
    <sprite n="142_VerticalArrowAngles.bmp" x="227" y="231" w="10" h="23" pX="0.5" pY="0.521739"/>
    <sprite n="143_VerticalArrowAngles.bmp" x="239" y="231" w="9" h="27" pX="0.555556" pY="0.481481"/>
    <sprite n="144_VerticalArrowAngles.bmp" x="250" y="231" w="12" h="27" pX="0.5" pY="0.481481"/>
    <sprite n="145_VerticalArrowAngles.bmp" x="264" y="231" w="15" h="27" pX="0.533333" pY="0.481481"/>
    <sprite n="146_VerticalArrowAngles.bmp" x="281" y="231" w="17" h="24" pX="0.529412" pY="0.458333"/>
    <sprite n="147_VerticalArrowAngles.bmp" x="1" y="260" w="19" h="19" pX="0.526316" pY="0.473684"/>
    <sprite n="148_VerticalArrowAngles.bmp" x="22" y="260" w="19" h="14" pX="0.526316" pY="0.428571"/>
    <sprite n="149_VerticalArrowAngles.bmp" x="43" y="260" w="17" h="8" pX="0.529412" pY="0.375"/>
    <sprite n="150_VerticalArrowAngles.bmp" x="62" y="260" w="17" h="7" pX="0.529412" pY="0.571429"/>
    <sprite n="151_VerticalArrowAngles.bmp" x="81" y="260" w="15" h="12" pX="0.533333" pY="0.5"/>
    <sprite n="152_VerticalArrowAngles.bmp" x="98" y="260" w="11" h="19" pX="0.545455" pY="0.526316"/>
    <sprite n="153_VerticalArrowAngles.bmp" x="111" y="260" w="9" h="23" pX="0.555556" pY="0.521739"/>
    <sprite n="154_VerticalArrowAngles.bmp" x="122" y="260" w="7" h="28" pX="0.571429" pY="0.5"/>
    <sprite n="155_VerticalArrowAngles.bmp" x="131" y="260" w="9" h="28" pX="0.555556" pY="0.5"/>
    <sprite n="156_VerticalArrowAngles.bmp" x="142" y="260" w="11" h="27" pX="0.545455" pY="0.481481"/>
    <sprite n="157_VerticalArrowAngles.bmp" x="155" y="260" w="13" h="25" pX="0.538462" pY="0.48"/>
    <sprite n="158_VerticalArrowAngles.bmp" x="170" y="260" w="14" h="20" pX="0.5" pY="0.45"/>
    <sprite n="159_VerticalArrowAngles.bmp" x="186" y="260" w="14" h="14" pX="0.5" pY="0.428571"/>
    <sprite n="160_VerticalArrowAngles.bmp" x="202" y="260" w="13" h="9" pX="0.538462" pY="0.444444"/>
    <sprite n="161_VerticalArrowAngles.bmp" x="217" y="260" w="13" h="6" pX="0.538462" pY="0.5"/>
    <sprite n="162_VerticalArrowAngles.bmp" x="232" y="260" w="11" h="11" pX="0.545455" pY="0.545455"/>
    <sprite n="163_VerticalArrowAngles.bmp" x="245" y="260" w="9" h="17" pX="0.555556" pY="0.529412"/>
    <sprite n="164_VerticalArrowAngles.bmp" x="256" y="260" w="7" h="22" pX="0.571429" pY="0.5"/>
    <sprite n="165_VerticalArrowAngles.bmp" x="265" y="260" w="6" h="27" pX="0.666667" pY="0.481481"/>
    <sprite n="166_VerticalArrowAngles.bmp" x="273" y="260" w="7" h="28" pX="0.571429" pY="0.5"/>
    <sprite n="167_VerticalArrowAngles.bmp" x="282" y="260" w="9" h="26" pX="0.555556" pY="0.461538"/>
    <sprite n="168_VerticalArrowAngles.bmp" x="293" y="260" w="9" h="26" pX="0.555556" pY="0.461538"/>
    <sprite n="169_VerticalArrowAngles.bmp" x="304" y="260" w="9" h="21" pX="0.555556" pY="0.47619"/>
    <sprite n="170_VerticalArrowAngles.bmp" x="1" y="290" w="9" h="16" pX="0.555556" pY="0.4375"/>
    <sprite n="171_VerticalArrowAngles.bmp" x="12" y="290" w="9" h="10" pX="0.555556" pY="0.4"/>
    <sprite n="172_VerticalArrowAngles.bmp" x="23" y="290" w="9" h="6" pX="0.555556" pY="0.5"/>
    <sprite n="173_VerticalArrowAngles.bmp" x="34" y="290" w="7" h="10" pX="0.571429" pY="0.5"/>
    <sprite n="174_VerticalArrowAngles.bmp" x="43" y="290" w="7" h="17" pX="0.571429" pY="0.529412"/>
    <sprite n="175_VerticalArrowAngles.bmp" x="52" y="290" w="6" h="22" pX="0.5" pY="0.5"/>
</VerticalArrowAngles>
<HorizontalArrowAngles imagePath="HorizontalArrowAngles.png" width="103" height="103">
    <sprite n="000_HorizontalArrowAngles.bmp" x="1" y="1" w="3" h="13" pX="0.666667" pY="0.461538"/>
    <sprite n="001_HorizontalArrowAngles.bmp" x="6" y="1" w="4" h="13" pX="0.5" pY="0.461538"/>
    <sprite n="002_HorizontalArrowAngles.bmp" x="12" y="1" w="6" h="13" pX="0.5" pY="0.461538"/>
    <sprite n="003_HorizontalArrowAngles.bmp" x="20" y="1" w="8" h="13" pX="0.5" pY="0.461538"/>
    <sprite n="004_HorizontalArrowAngles.bmp" x="30" y="1" w="10" h="13" pX="0.5" pY="0.461538"/>
    <sprite n="005_HorizontalArrowAngles.bmp" x="42" y="1" w="11" h="12" pX="0.545455" pY="0.5"/>
    <sprite n="006_HorizontalArrowAngles.bmp" x="55" y="1" w="13" h="12" pX="0.538462" pY="0.5"/>
    <sprite n="007_HorizontalArrowAngles.bmp" x="70" y="1" w="16" h="12" pX="0.5" pY="0.5"/>
    <sprite n="008_HorizontalArrowAngles.bmp" x="1" y="16" w="17" h="11" pX="0.470588" pY="0.545455"/>
    <sprite n="009_HorizontalArrowAngles.bmp" x="20" y="16" w="18" h="10" pX="0.5" pY="0.5"/>
    <sprite n="010_HorizontalArrowAngles.bmp" x="40" y="16" w="21" h="10" pX="0.52381" pY="0.5"/>
    <sprite n="011_HorizontalArrowAngles.bmp" x="63" y="16" w="22" h="9" pX="0.545455" pY="0.444444"/>
    <sprite n="012_HorizontalArrowAngles.bmp" x="1" y="29" w="23" h="8" pX="0.521739" pY="0.5"/>
    <sprite n="013_HorizontalArrowAngles.bmp" x="26" y="29" w="23" h="7" pX="0.478261" pY="0.571429"/>
    <sprite n="014_HorizontalArrowAngles.bmp" x="51" y="29" w="25" h="6" pX="0.52" pY="0.5"/>
    <sprite n="015_HorizontalArrowAngles.bmp" x="78" y="29" w="24" h="6" pX="0.5" pY="0.5"/>
    <sprite n="016_HorizontalArrowAngles.bmp" x="1" y="39" w="25" h="4" pX="0.52" pY="0.5"/>
    <sprite n="017_HorizontalArrowAngles.bmp" x="28" y="39" w="25" h="4" pX="0.52" pY="0.5"/>
    <sprite n="018_HorizontalArrowAngles.bmp" x="55" y="39" w="27" h="3" pX="0.518519" pY="0.333333"/>
    <sprite n="019_HorizontalArrowAngles.bmp" x="1" y="45" w="25" h="4" pX="0.5" pY="0.25"/>
    <sprite n="020_HorizontalArrowAngles.bmp" x="28" y="45" w="26" h="4" pX="0.538462" pY="0.25"/>
    <sprite n="021_HorizontalArrowAngles.bmp" x="56" y="45" w="25" h="5" pX="0.48" pY="0.2"/>
    <sprite n="022_HorizontalArrowAngles.bmp" x="1" y="52" w="25" h="7" pX="0.52" pY="0.285714"/>
    <sprite n="023_HorizontalArrowAngles.bmp" x="28" y="52" w="24" h="7" pX="0.5" pY="0.285714"/>
    <sprite n="024_HorizontalArrowAngles.bmp" x="54" y="52" w="23" h="8" pX="0.521739" pY="0.375"/>
    <sprite n="025_HorizontalArrowAngles.bmp" x="79" y="52" w="22" h="9" pX="0.5" pY="0.333333"/>
    <sprite n="026_HorizontalArrowAngles.bmp" x="1" y="63" w="20" h="10" pX="0.5" pY="0.3"/>
    <sprite n="027_HorizontalArrowAngles.bmp" x="23" y="63" w="20" h="11" pX="0.5" pY="0.363636"/>
    <sprite n="028_HorizontalArrowAngles.bmp" x="45" y="63" w="18" h="11" pX="0.5" pY="0.363636"/>
    <sprite n="029_HorizontalArrowAngles.bmp" x="65" y="63" w="15" h="11" pX="0.466667" pY="0.363636"/>
    <sprite n="030_HorizontalArrowAngles.bmp" x="82" y="63" w="14" h="13" pX="0.5" pY="0.384615"/>
    <sprite n="031_HorizontalArrowAngles.bmp" x="1" y="78" w="12" h="13" pX="0.5" pY="0.384615"/>
    <sprite n="032_HorizontalArrowAngles.bmp" x="15" y="78" w="11" h="13" pX="0.454545" pY="0.384615"/>
    <sprite n="033_HorizontalArrowAngles.bmp" x="28" y="78" w="8" h="13" pX="0.5" pY="0.384615"/>
    <sprite n="034_HorizontalArrowAngles.bmp" x="38" y="78" w="6" h="14" pX="0.5" pY="0.357143"/>
    <sprite n="035_HorizontalArrowAngles.bmp" x="46" y="78" w="4" h="14" pX="0.5" pY="0.357143"/>
    <sprite n="036_HorizontalArrowAngles.bmp" x="52" y="78" w="3" h="15" pX="0.666667" pY="0.4"/>
</HorizontalArrowAngles>
<ArrowOnTerrain imagePath="ArrowOnTerrain.png" width="92" height="92">
    <sprite n="000_ArrowOnTerrain.bmp" x="1" y="1" w="3" h="21" pX="1" pY="0.619048"/>
    <sprite n="001_ArrowOnTerrain.bmp" x="6" y="1" w="1" h="13" pX="2" pY="0.384615"/>
    <sprite n="002_ArrowOnTerrain.bmp" x="9" y="1" w="1" h="7" pX="2" pY="-0.142857"/>
    <sprite n="003_ArrowOnTerrain.bmp" x="12" y="1" w="4" h="21" pX="0.75" pY="0.619048"/>
    <sprite n="004_ArrowOnTerrain.bmp" x="18" y="1" w="3" h="14" pX="1" pY="0.428571"/>
    <sprite n="005_ArrowOnTerrain.bmp" x="23" y="1" w="2" h="7" pX="1.5" pY="-0.142857"/>
    <sprite n="006_ArrowOnTerrain.bmp" x="27" y="1" w="5" h="21" pX="0.6" pY="0.619048"/>
    <sprite n="007_ArrowOnTerrain.bmp" x="34" y="1" w="3" h="15" pX="1" pY="0.466667"/>
    <sprite n="008_ArrowOnTerrain.bmp" x="39" y="1" w="2" h="8" pX="1.5" pY="0"/>
    <sprite n="009_ArrowOnTerrain.bmp" x="43" y="1" w="7" h="22" pX="0.571429" pY="0.590909"/>
    <sprite n="010_ArrowOnTerrain.bmp" x="52" y="1" w="5" h="17" pX="0.8" pY="0.470588"/>
    <sprite n="011_ArrowOnTerrain.bmp" x="59" y="1" w="3" h="10" pX="1.33333" pY="0.1"/>
    <sprite n="012_ArrowOnTerrain.bmp" x="64" y="1" w="8" h="22" pX="0.5" pY="0.590909"/>
    <sprite n="013_ArrowOnTerrain.bmp" x="74" y="1" w="5" h="19" pX="0.8" pY="0.526316"/>
    <sprite n="014_ArrowOnTerrain.bmp" x="81" y="1" w="4" h="12" pX="1" pY="0.25"/>
    <sprite n="015_ArrowOnTerrain.bmp" x="1" y="25" w="8" h="21" pX="0.5" pY="0.619048"/>
    <sprite n="016_ArrowOnTerrain.bmp" x="11" y="25" w="6" h="19" pX="0.666667" pY="0.578947"/>
    <sprite n="017_ArrowOnTerrain.bmp" x="19" y="25" w="4" h="10" pX="1" pY="0.2"/>
    <sprite n="018_ArrowOnTerrain.bmp" x="25" y="25" w="8" h="21" pX="0.5" pY="0.619048"/>
    <sprite n="019_ArrowOnTerrain.bmp" x="35" y="25" w="6" h="17" pX="0.666667" pY="0.529412"/>
    <sprite n="020_ArrowOnTerrain.bmp" x="43" y="25" w="3" h="8" pX="1.33333" pY="0"/>
    <sprite n="021_ArrowOnTerrain.bmp" x="48" y="25" w="9" h="20" pX="0.555556" pY="0.6"/>
    <sprite n="022_ArrowOnTerrain.bmp" x="59" y="25" w="6" h="14" pX="0.833333" pY="0.428571"/>
    <sprite n="023_ArrowOnTerrain.bmp" x="67" y="25" w="4" h="8" pX="1.25" pY="0"/>
    <sprite n="024_ArrowOnTerrain.bmp" x="73" y="25" w="9" h="20" pX="0.555556" pY="0.6"/>
    <sprite n="025_ArrowOnTerrain.bmp" x="84" y="25" w="7" h="14" pX="0.714286" pY="0.428571"/>
    <sprite n="026_ArrowOnTerrain.bmp" x="1" y="48" w="5" h="9" pX="1" pY="0.111111"/>
    <sprite n="027_ArrowOnTerrain.bmp" x="8" y="48" w="9" h="20" pX="0.555556" pY="0.6"/>
    <sprite n="028_ArrowOnTerrain.bmp" x="19" y="48" w="6" h="14" pX="0.833333" pY="0.428571"/>
    <sprite n="029_ArrowOnTerrain.bmp" x="27" y="48" w="4" h="8" pX="1.25" pY="0"/>
    <sprite n="030_ArrowOnTerrain.bmp" x="33" y="48" w="8" h="18" pX="0.5" pY="0.611111"/>
    <sprite n="031_ArrowOnTerrain.bmp" x="43" y="48" w="6" h="16" pX="0.666667" pY="0.5625"/>
    <sprite n="032_ArrowOnTerrain.bmp" x="51" y="48" w="5" h="11" pX="0.8" pY="0.363636"/>
    <sprite n="033_ArrowOnTerrain.bmp" x="58" y="48" w="8" h="17" pX="0.5" pY="0.588235"/>
    <sprite n="034_ArrowOnTerrain.bmp" x="68" y="48" w="6" h="14" pX="0.666667" pY="0.5"/>
    <sprite n="035_ArrowOnTerrain.bmp" x="76" y="48" w="4" h="9" pX="1" pY="0.222222"/>
    <sprite n="036_ArrowOnTerrain.bmp" x="82" y="48" w="8" h="18" pX="0.5" pY="0.611111"/>
    <sprite n="037_ArrowOnTerrain.bmp" x="1" y="70" w="5" h="16" pX="0.8" pY="0.5625"/>
    <sprite n="038_ArrowOnTerrain.bmp" x="8" y="70" w="4" h="8" pX="1" pY="0.125"/>
    <sprite n="039_ArrowOnTerrain.bmp" x="14" y="70" w="6" h="18" pX="0.5" pY="0.611111"/>
    <sprite n="040_ArrowOnTerrain.bmp" x="22" y="70" w="4" h="14" pX="0.75" pY="0.5"/>
    <sprite n="041_ArrowOnTerrain.bmp" x="28" y="70" w="3" h="9" pX="1" pY="0.222222"/>
    <sprite n="042_ArrowOnTerrain.bmp" x="33" y="70" w="7" h="15" pX="0.571429" pY="0.533333"/>
    <sprite n="043_ArrowOnTerrain.bmp" x="42" y="70" w="4" h="8" pX="1" pY="0.375"/>
    <sprite n="044_ArrowOnTerrain.bmp" x="48" y="70" w="3" h="4" pX="1.33333" pY="-0.25"/>
    <sprite n="045_ArrowOnTerrain.bmp" x="53" y="70" w="3" h="17" pX="0.333333" pY="0.588235"/>
    <sprite n="046_ArrowOnTerrain.bmp" x="58" y="70" w="3" h="12" pX="0.666667" pY="0.333333"/>
    <sprite n="047_ArrowOnTerrain.bmp" x="63" y="70" w="3" h="8" pX="0.666667" pY="0"/>
    <sprite n="048_ArrowOnTerrain.bmp" x="68" y="70" w="4" h="17" pX="0.5" pY="0.588235"/>
    <sprite n="049_ArrowOnTerrain.bmp" x="74" y="70" w="3" h="13" pX="0.666667" pY="0.461538"/>
    <sprite n="050_ArrowOnTerrain.bmp" x="79" y="70" w="3" h="9" pX="0.666667" pY="0.222222"/>
</ArrowOnTerrain>
</Sprites>
