<Sprites>
	<fire anim_name="fire_floor" w="62" h="41">
		
		<sprite x="1" y="24" w="6" h="11" pX="3" pY="9"/>
		<sprite x="9" y="27" w="6" h="8" pX="3" pY="6"/>
		<sprite x="16" y="13" w="13" h="22" pX="8" pY="20"/>
		<sprite x="30" y="9" w="13" h="26" pX="8" pY="23"/>
		<sprite x="45" y="2" w="17" h="34" pX="9" pY="31"/>
		<sprite x="30" y="9" w="13" h="26" pX="8" pY="23"/>
		<sprite x="16" y="13" w="13" h="22" pX="8" pY="20"/>
		<sprite x="9" y="27" w="6" h="8" pX="3" pY="6"/>
		<sprite x="1" y="24" w="6" h="11" pX="3" pY="9"/>
		<!--
		<sprite x="0" y="23" w="8" h="13" pX="4" pY="8"/>
		<sprite x="8" y="17" w="8" h="19" pX="4" pY="8"/>
		<sprite x="15" y="11" w="15" h="16" pX="4" pY="8"/>
		<sprite x="29" y="8" w="15" h="28" pX="4" pY="8"/>
		<sprite x="44" y="0" w="18" h="37" pX="4" pY="8"/>
		<sprite x="29" y="8" w="15" h="28" pX="4" pY="8"/>
		<sprite x="15" y="11" w="15" h="16" pX="4" pY="8"/>
		<sprite x="8" y="17" w="8" h="19" pX="4" pY="8"/>
		<sprite x="0" y="23" w="8" h="13" pX="4" pY="8"/>
		-->
	</fire>
</Sprites>