<?xml version="1.0" encoding="UTF-8"?>
<!-- Created with TexturePacker http://www.codeandweb.com/texturepacker-->
<!-- $TexturePacker:SmartUpdate:175c8a8df5b2bfbae9b0bb12c4b78a57:5523f99171983fba7d12c20ec70d6521:bda599bc7edd437253af5580c5384028$ -->
<!--Format:
n  => name of the sprite
x  => sprite x pos in texture
y  => sprite y pos in texture
w  => sprite width (may be trimmed)
h  => sprite height (may be trimmed)
pX => x pos of the pivot point (relative to sprite width)
pY => y pos of the pivot point (relative to sprite height)
oX => sprite's x-corner offset (only available if trimmed)
oY => sprite's y-corner offset (only available if trimmed)
oW => sprite's original width (only available if trimmed)
oH => sprite's original height (only available if trimmed)
r => 'y' only set if sprite is rotated
with polygon mode enabled:
vertices   => points in sprite coordinate system (x0,y0,x1,y1,x2,y2, ...)
verticesUV => points in sheet coordinate system (x0,y0,x1,y1,x2,y2, ...)
triangles  => sprite triangulation, 3 vertex indices per triangle
-->
<TextureAtlas imagePath="Fire.png" width="148" height="148">
    <sprite n="1.png" x="1" y="1" w="37" h="31" pX="0.520833" pY="0.425532" oX="32" oY="3" oW="96" oH="47"/>
    <sprite n="2.png" x="40" y="1" w="34" h="32" pX="0.510417" pY="0.425532" oX="32" oY="4" oW="96" oH="47"/>
    <sprite n="3.png" x="76" y="1" w="38" h="36" pX="0.510417" pY="0.425532" oX="30" oY="2" oW="96" oH="47"/>
    <sprite n="4.png" x="1" y="39" w="38" h="34" pX="0.5" pY="0.425532" oX="29" oY="3" oW="96" oH="47"/>
    <sprite n="5.png" x="41" y="39" w="35" h="30" pX="0.5" pY="0.404255" oX="31" oY="4" oW="96" oH="47"/>
    <sprite n="6.png" x="78" y="39" w="16" h="26" pX="0.510417" pY="0.510638" oX="41" oY="8" oW="96" oH="47"/>
    <sprite n="7.png" x="96" y="39" w="17" h="31" pX="0.510417" pY="0.510638" oX="40" oY="2" oW="96" oH="47"/>
    <sprite n="8.png" x="115" y="39" w="18" h="33" pX="0.5" pY="0.489362" oX="41" oY="1" oW="96" oH="47"/>
    <sprite n="9.png" x="1" y="75" w="69" h="41" pX="0.5" pY="0.478723" oX="9" oY="0" oW="96" oH="47"/>
    <sprite n="10.png" x="72" y="75" w="75" h="44" pX="0.489583" pY="0.489362" oX="6" oY="0" oW="96" oH="47"/>
</TextureAtlas>
