<FishJump anim_name ="fishjump">
    <sprite n="1" x="1" y="1" w="344" h="286" pX="304" pY="244"/>
    <sprite n="2" x="347" y="1" w="344" h="286" pX="-8" pY="-1"/>
    <sprite n="3" x="693" y="1" w="344" h="286" pX="-5" pY="15"/>
    <sprite n="4" x="1039" y="1" w="344" h="286" pX="-13" pY="24"/>
    <sprite n="5" x="1385" y="1" w="344" h="286" pX="-5 pY="24"/>
    <sprite n="6" x="1" y="289" w="344" h="286" pX="-4" pY="23"/>
    <sprite n="7" x="347" y="289" w="344" h="286" pX="-6" pY="23/>
    <sprite n="8" x="693" y="289" w="344" h="286" pX="-9" pY="16"/>
    <sprite n="9" x="1039" y="289" w="344" h="286" pX="38" pY="18"/>
    <sprite n="10" x="1385" y="289" w="344" h="286" pX="41" pY="31"/>
    <sprite n="11" x="1" y="577" w="344" h="286" pX="42" pY="38"/>
    <sprite n="12" x="347" y="577" w="344" h="286" pX="39" pY="38"/>
    <sprite n="13" x="693" y="577" w="344" h="286" pX="41" pY="37"/>
    <sprite n="14" x="1039" y="577" w="344" h="286" pX="37" pY="36"/>
    <sprite n="15" x="1385" y="577" w="344" h="286" pX="34" pY="34"/>
    <sprite n="16" x="1" y="865" w="344" h="286" pX="26" pY="28"/>
    <sprite n="17" x="347" y="865" w="344" h="286" pX="16" pY="44"/>
    <sprite n="18" x="693" y="865" w="344" h="286" pX="19" pY="32"/>
    <sprite n="19" x="1039" y="865" w="344" h="286" pX="20" pY="37"/>
    <sprite n="20" x="1385" y="865" w="344" h="286" pX="21" pY="34"/>
    <sprite n="21" x="1" y="1153" w="344" h="286" pX="24" pY="32"/>
    <sprite n="22" x="347" y="1153" w="344" h="286" pX="15" pY="23"/>
    <sprite n="23" x="693" y="1153" w="344" h="286" pX="15" pY="16"/>
    <sprite n="24" x="1039" y="1153" w="344" h="286" pX="11" pY="11"/>
    <sprite n="25" x="1385" y="1153" w="344" h="286" pX="11" pY="17"/>
    <sprite n="26" x="1" y="1441" w="344" h="286" pX="13" pY="18"/>
    <sprite n="27" x="347" y="1441" w="344" h="286" pX="15" pY="16"/>
    <sprite n="28" x="693" y="1441" w="344" h="286" pX="6" pY="13"/>
    <sprite n="29" x="1039" y="1441" w="344" h="286" pX="6" pY="8"/>
    <sprite n="30" x="1" y="1" w="344" h="286" pX="304" pY="244"/>
</FishJump>