<?xml version="1.0" encoding="UTF-8"?>
<!-- Created with TexturePacker http://www.codeandweb.com/texturepacker-->
<!-- $TexturePacker:SmartUpdate:c00c9b4b7ea0ae6cfaf64c117c276abf:a51c758a07841924ef91b1926050c401:64b23b0c6b17690dcac8db3785ebaccc$ -->
<!--Format:
n  => name of the sprite
x  => sprite x pos in texture
y  => sprite y pos in texture
w  => sprite width (may be trimmed)
h  => sprite height (may be trimmed)
pX => x pos of the pivot point (relative to sprite width)
pY => y pos of the pivot point (relative to sprite height)
oX => sprite's x-corner offset (only available if trimmed)
oY => sprite's y-corner offset (only available if trimmed)
oW => sprite's original width (only available if trimmed)
oH => sprite's original height (only available if trimmed)
r => 'y' only set if sprite is rotated
with polygon mode enabled:
vertices   => points in sprite coordinate system (x0,y0,x1,y1,x2,y2, ...)
verticesUV => points in sheet coordinate system (x0,y0,x1,y1,x2,y2, ...)
triangles  => sprite triangulation, 3 vertex indices per triangle
-->
<TextureAtlas imagePath="StoneWall.png" width="763" height="763">
    <sprite n="000_StoneGateSequence.bmp" x="1" y="1" w="233" h="184" pX="0.502146" pY="0.679348"/>
    <sprite n="000_StoneWall.bmp" x="236" y="1" w="78" h="98" pX="0.5" pY="0.806122"/>
    <sprite n="000_StoneWallSequence.bmp" x="316" y="1" w="75" h="47" pX="0.52" pY="0.617021"/>
    <sprite n="001_StoneGateSequence.bmp" x="393" y="1" w="233" h="215" pX="0.502146" pY="0.725581"/>
    <sprite n="001_StoneWall.bmp" x="628" y="1" w="77" h="98" pX="0.493506" pY="0.806122"/>
    <sprite n="001_StoneWallSequence.bmp" x="1" y="218" w="80" h="58" pX="0.5" pY="0.655172"/>
    <sprite n="002_StoneGateSequence.bmp" x="83" y="218" w="240" h="215" pX="0.5" pY="0.725581"/>
    <sprite n="002_StoneWall.bmp" x="325" y="218" w="99" h="178" pX="0.494949" pY="0.865169"/>
    <sprite n="002_StoneWallSequence.bmp" x="426" y="218" w="80" h="78" pX="0.5" pY="0.74359"/>
    <sprite n="003_StoneWall.bmp" x="508" y="218" w="98" h="78" pX="0.5" pY="0.871795"/>
    <sprite n="003_StoneWallSequence.bmp" x="608" y="218" w="80" h="83" pX="0.5" pY="0.759036"/>
    <sprite n="004_StoneWall.bmp" x="690" y="218" w="42" h="110" pX="0.5" pY="0.781818"/>
    <sprite n="004_StoneWallSequence.bmp" x="1" y="435" w="77" h="48" pX="0.506494" pY="0.604167"/>
    <sprite n="005_StoneWallSequence.bmp" x="80" y="435" w="77" h="62" pX="0.506494" pY="0.677419"/>
    <sprite n="006_StoneWallSequence.bmp" x="159" y="435" w="79" h="77" pX="0.493671" pY="0.74026"/>
    <sprite n="007_StoneWallSequence.bmp" x="240" y="435" w="79" h="83" pX="0.493671" pY="0.759036"/>
    <sprite n="008_StoneWallSequence.bmp" x="321" y="435" w="95" h="57" pX="0.505263" pY="0.578947"/>
    <sprite n="009_StoneWallSequence.bmp" x="418" y="435" w="94" h="99" pX="0.5" pY="0.757576"/>
    <sprite n="010_StoneWallSequence.bmp" x="514" y="435" w="94" h="147" pX="0.5" pY="0.829932"/>
    <sprite n="011_StoneWallSequence.bmp" x="610" y="435" w="100" h="147" pX="0.5" pY="0.829932"/>
    <sprite n="012_StoneWallSequence.bmp" x="1" y="584" w="100" h="30" pX="0.5" pY="0.666667"/>
    <sprite n="013_StoneWallSequence.bmp" x="103" y="584" w="100" h="33" pX="0.5" pY="0.666667"/>
    <sprite n="014_StoneWallSequence.bmp" x="205" y="584" w="100" h="53" pX="0.5" pY="0.792453"/>
    <sprite n="015_StoneWallSequence.bmp" x="307" y="584" w="100" h="65" pX="0.5" pY="0.830769"/>
    <sprite n="016_StoneWallSequence.bmp" x="409" y="584" w="43" h="60" pX="0.511628" pY="0.583333"/>
    <sprite n="017_StoneWallSequence.bmp" x="454" y="584" w="44" h="69" pX="0.5" pY="0.637681"/>
    <sprite n="018_StoneWallSequence.bmp" x="500" y="584" w="44" h="83" pX="0.5" pY="0.698795"/>
    <sprite n="019_StoneWallSequence.bmp" x="546" y="584" w="44" h="94" pX="0.5" pY="0.734043"/>
    <sprite n="StoneWall_NoWalkable.bmp" x="592" y="584" w="99" h="178" pX="0.494949" pY="0.865169"/>
</TextureAtlas>
