<?xml version="1.0" encoding="UTF-8"?>
<!-- Created with TexturePacker http://www.codeandweb.com/texturepacker-->
<!-- $TexturePacker:SmartUpdate:33c7408968d63652263bd6addcc3d401:48efa357d57729591afbd75779f8d598:87f8b729b242d3d959fb419cb92222b7$ -->
<!--Format:
n  => name of the sprite
x  => sprite x pos in texture
y  => sprite y pos in texture
w  => sprite width (may be trimmed)
h  => sprite height (may be trimmed)
pX => x pos of the pivot point (relative to sprite width)
pY => y pos of the pivot point (relative to sprite height)
oX => sprite's x-corner offset (only available if trimmed)
oY => sprite's y-corner offset (only available if trimmed)
oW => sprite's original width (only available if trimmed)
oH => sprite's original height (only available if trimmed)
r => 'y' only set if sprite is rotated
with polygon mode enabled:
vertices   => points in sprite coordinate system (x0,y0,x1,y1,x2,y2, ...)
verticesUV => points in sheet coordinate system (x0,y0,x1,y1,x2,y2, ...)
triangles  => sprite triangulation, 3 vertex indices per triangle
-->
<TextureAtlas imagePath="Towers.png" width="777" height="777">
	<Towers>
		<sprite n="build_1" x="0" y="0" w="96" h="65" pX="0.53125" pY="0.59375"/>
		<sprite n="build_2" x="98" y="0" w="100" h="75" pX="0.55" pY="0.643836"/>
		<sprite n="build_3" x="202" y="0" w="100" h="75" pX="0.55" pY="0.643836"/>
		<sprite n="Basic_tower" x="302" y="0" w="107" h="208" pX="0.504673" pY="0.902913"/>
		<sprite n="Basic_tower_red" x="411" y="0" w="107" h="208" pX="0.0.504673" pY="0.902913"/>
		<sprite n="Basic_tower_green.bmp" x="521" y="0" w="107" h="208" pX="0.0.504673" pY="0.902913"/>
		<sprite n="000_BombardTower.bmp" x="629" y="0" w="130" h="281" pX="0.5" pY="0.914591"/>
		<sprite n="000_Bombard_Walkable.bmp" x="759" y="0" w="130" h="281" pX="0.5" pY="0.914591"/>
		<sprite n="000_Bombard_NotWalkable.bmp" x="889" y="0" w="130" h="281" pX="0.5" pY="0.914591"/>
		<sprite n="000_StoneWall.bmp" x="1019" y="12" w="101" h="180" pX="0.494949" pY="0.865169"/>
		<sprite n="000_FireBombardTower.bmp" x="0" y="235" w="116" h="258" pX="0.504202" pY="0.893805"/>
		<sprite n="000_IceTower.bmp" x="116" y="208" w="104" h="235" pX="0.485714" pY="0.910448"/>
		<sprite n="000_IceBomabardTower.bmp" x="221" y="208" w="104" h="235" pX="0.485714" pY="0.910448"/>
		<sprite n="000_AirTower.bmp" x="326" y="208" w="142" h="238" pX="0.507463" pY="0.807018"/>
		<sprite n="000_AirBombardTower.bmp" x="468" y="208" w="142" h="238" pX="0.507463" pY="0.807018"/>
		<sprite n="000_FireTower.bmp" x="924" y="283" w="119" h="237" pX="0.508621" pY="0.898305"/>
		<sprite n="000_FireBombardTower.bmp" x="0" y="235" w="115" h="258" pX="0.508621" pY="0.898305"/>
	</Towers>

	<Walls>
		<sprite n="002_StoneWall.bmp" x="1019" y="13" w="100" h="180" pX="0.494949" pY="0.865169"/>
		<sprite n="000_StoneWall.bmp" x="1042" y="420" w="80" h="100" pX="0.5" pY="0.806122"/>
		<sprite n="001_StoneWall.bmp" x="118" y="443" w="80" h="100" pX="0.493506" pY="0.806122"/>
		<sprite n="003_StoneWall.bmp" x="242" y="446" w="98" h="78" pX="0.5" pY="0.871795"/>
		<sprite n="004_StoneWall.bmp" x="197" y="443" w="42" h="110" pX="0.5" pY="0.781818"/>
	
		<sprite n="000_BrickWall.bmp" x="95" y="75" w="89" h="113" pX="0.494382" pY="0.80531"/>
		<sprite n="001_BrickWall.bmp" x="184" y="75" w="89" h="114" pX="0.483146" pY="0.807018"/>
		<sprite n="002_BrickWall.bmp" x="0" y="60" w="95" h="169" pX="0.484211" pY="0.869822"/>
		<sprite n="003_BrickWall.bmp" x="1042" y="1092" w="98" h="102" pX="0.489796" pY="0.843137"/>
		<sprite n="004_BrickWall.bmp" x="1058" y="294" w="62" h="121" pX="0.419355" pY="0.785124"/>

		<sprite n="000_Wood_Wall.bmp" x="773" y="389" w="76" h="82" pX="0.526316" pY="0.743902"/>
		<sprite n="000_Wood_Wall_NoWalkable.bmp" x="416" y="447" w="76" h="82" pX="0.526316" pY="0.743902"/>
		<sprite n="000_Wood_Wall_Walkable.bmp" x="342" y="447" w="76" h="82" pX="0.526316" pY="0.743902"/>
		<sprite n="001_Wood_Wall.bmp" x="849" y="389" w="75" h="83" pX="0.466667" pY="0.746988"/>
		<sprite n="001_Wood_Wall_NoWalkable.bmp" x="848" y="472" w="75" h="83" pX="0.466667" pY="0.746988"/>
		<sprite n="001_Wood_Wall_Walkable.bmp" x="773" y="471" w="75" h="83" pX="0.466667" pY="0.746988"/>
		<sprite n="002_Wood_Wall.bmp" x="610" y="289" w="100" h="106" pX="0.49" pY="0.754717"/>
		<sprite n="002_Wood_Wall_NoWalkable.bmp" x="710" y="289" w="100" h="106" pX="0.49" pY="0.754717"/>
		<sprite n="002_Wood_Wall_Walkable.bmp" x="810" y="289" w="100" h="106" pX="0.49" pY="0.754717"/>
		<sprite n="003_Wood_Wall.bmp" x="661" y="389" w="112" h="68" pX="0.491071" pY="0.808824"/>
		<sprite n="003_Wood_Wall_NoWalkable.bmp" x="661" y="457" w="112" h="68" pX="0.491071" pY="0.808824"/>
		<sprite n="003_Wood_WallWalkable.bmp" x="0" y="493" w="112" h="68" pX="0.491071" pY="0.808824"/>
		<sprite n="004_Wood_Wall.bmp" x="610" y="389 " w="51" h="97" pX="0.490196" pY="0.742268"/>
		<sprite n="004_Wood_Wall_NoWalkable.bmp" x="559" y="447 " w="51" h="97" pX="0.490196" pY="0.742268"/>
		<sprite n="004_Wood_Wall_Walkable.bmp" x="508" y="447 " w="51" h="97" pX="0.490196" pY="0.742268"/>
    </Walls>
</TextureAtlas>
