<!--Format:
n  => name of the object
x  => sprite x pos in texture
y  => sprite y pos in texture
w  => sprite width (may be trimmed)
h  => sprite height (may be trimmed)

-->
<TextureAtlas imagePath="ArrowsBombs.png" width="157" height="108">
  <SimpleArrow>
    <sprite n="SimpleArrow" x="0" y="0" w="45" h="8"/>
  </SimpleArrow>

  <FireArrow>
    <sprite n="FireArrow" x="0" y="9" w="50" h="19"/>
    <sprite n="FireArrow" x="52" y="8" w="51" h="19"/>
    <sprite n="FireArrow" x="105" y="10" w="51" h="17"/>
  </FireArrow>

  <IceArrow>
    <sprite n="IceArrow" x="0" y="29" w="50" h="19"/>
    <sprite n="IceArrow" x="52" y="28" w="51" h="19"/>
    <sprite n="IceArrow" x="105" y="30" w="51" h="17"/>
  </IceArrow>

  <AirArrow>
    <sprite n="AirArrow" x="0" y="49" w="50" h="19"/>
    <sprite n="AirArrow" x="52" y="48" w="51" h="18"/>
    <sprite n="AirArrow" x="108" y="50" w="51" h="17"/>
  </AirArrow>

  <SimpleBomb>
    <sprite n="SimpleBomb" x="0" y="70" w="23" h="25"/>

  </SimpleBomb>

  <FireBomb>
    <sprite n="FireBomb" x="0" y="97" w="49" h="35"/>
    <sprite n="FireBomb" x="53" y="99" w="50" h="32"/>
    <sprite n="FireBomb" x="107" y="99" w="47" h="34"/>
  </FireBomb>

  <IceBomb>
    <sprite n="IceBomb" x="0" y="134" w="49" h="35"/>
    <sprite n="IceBomb" x="53" y="136" w="50" h="32"/>
    <sprite n="IceBomb" x="107" y="136" w="47" h="34"/>
  </IceBomb>

  <AirBomb>
    <sprite n="AirBomb" x="0" y="171" w="49" h="35"/>
    <sprite n="AirBomb" x="53" y="173" w="50" h="32"/>
    <sprite n="AirBomb" x="107" y="173" w="47" h="34"/>
  </AirBomb>
</TextureAtlas>
