<!--Format:
n  => name of the object
x  => sprite x pos in texture
y  => sprite y pos in texture
w  => sprite width (may be trimmed)
h  => sprite height (may be trimmed)

-->
<TextureAtlas imagePath="ArrowsBombs.png" width="157" height="108">
  <SimpleArrow anim_name = "simple_arrow">
    <sprite n="SimpleArrow" x="0" y="0" w="36" h="5"/>
  </SimpleArrow>

  <FireArrow anim_name = "fire_arrow">
    <sprite n="FireArrow" x="0" y="8" w="37" h="14"/>
    <sprite n="FireArrow" x="38" y="8" w="39" h="13"/>
    <sprite n="FireArrow" x="78" y="9" w="38" h="13"/>
  </FireArrow>

  <IceArrow anim_name = "ice_arrow">
    <sprite n="IceArrow" x="0" y="23" w="37" h="14"/>
    <sprite n="IceArrow" x="38" y="22" w="39" h="14"/>
    <sprite n="IceArrow" x="78" y="24" w="38" h="12"/>
  </IceArrow>

  <AirArrow anim_name = "air_arrow">
    <sprite n="AirArrow" x="0" y="38" w="37" h="14"/>
    <sprite n="AirArrow" x="38" y="37" w="39" h="14"/>
    <sprite n="AirArrow" x="79" y="39" w="37" h="12"/>
  </AirArrow>

  <SimpleBomb anim_name = "simple_bomb">
    <sprite n="SimpleBomb" x="0" y="54" w="10" h="10"/>

  </SimpleBomb>

  <FireBomb anim_name = "fire_bomb">
    <sprite n="FireBomb" x="0" y="65" w="26" h="17"/>
    <sprite n="FireBomb" x="28" y="66" w="24" h="16"/>
    <sprite n="FireBomb" x="54" y="66" w="23" h="17"/>
  </FireBomb>

  <IceBomb anim_name = "ice_bomb">
    <sprite n="IceBomb" x="0" y="83" w="25" h="17"/>
    <sprite n="IceBomb" x="27" y="84" w="24" h="16"/>
    <sprite n="IceBomb" x="53" y="84" w="23" h="17"/>
  </IceBomb>

  <AirBomb anim_name = "air_bomb">
    <sprite n="AirBomb" x="0" y="101" w="25" h="17"/>
    <sprite n="AirBomb" x="27" y="102" w="24" h="15"/>
    <sprite n="AirBomb" x="53" y="102" w="23" h="17"/>
  </AirBomb>
</TextureAtlas>

