<!--Format:
n  => name of the object
x  => sprite x pos in texture
y  => sprite y pos in texture
w  => sprite width (may be trimmed)
h  => sprite height (may be trimmed)

-->
<TextureAtlas imagePath="ArrowsBombs.png" width="255" height="284">
  <SimpleArrow>
      <sprite n="SimpleArrow" x="0" y="0" w="45" h="8"/>
  </SimpleArrow>
  
  <FireArrow>
    <sprite n="FireArrow" x="0" y="9" w="50" h="19"/>
    <sprite n="FireArrow" x="52" y="8" w="51" h="19"/>
    <sprite n="FireArrow" x="105" y="10" w="51" h="17"/>
  </FireArrow>
  
  <IceArrow>
    <sprite n="IceArrow" x="0" y="29" w="50" h="19"/>
    <sprite n="IceArrow" x="52" y="28" w="51" h="19"/>
    <sprite n="IceArrow" x="105" y="30" w="51" h="17"/>
  </IceArrow>
  
  <AirArrow>
    <sprite n="AirArrow" x="0" y="49" w="50" h="19"/>
    <sprite n="AirArrow" x="52" y="48" w="51" h="18"/>
    <sprite n="AirArrow" x="108" y="50" w="51" h="17"/>
  </AirArrow>
  
  <SimpleBomb>
    <sprite n="SimpleBomb" x="0" y="70" w="38" h="39"/>
    
  </SimpleBomb>

  <FireBomb>
    <sprite n="FireBomb" x="0" y="112" w="79" h="56"/>
    <sprite n="FireBomb" x="87" y="115" w="76" h="51"/>
    <sprite n="FireBomb" x="169" y="116" w="75" h="53"/>
  </FireBomb>

  <IceBomb>
    <sprite n="IceBomb" x="0" y="170" w="79" h="56"/>
    <sprite n="IceBomb" x="87" y="173" w="76" h="51"/>
    <sprite n="IceBomb" x="169" y="174" w="75" h="53"/>
  </IceBomb>

  <AirBomb>
    <sprite n="AirBomb" x="0" y="228" w="79" h="56"/>
    <sprite n="AirBomb" x="87" y="231" w="76" h="51"/>
    <sprite n="AirBomb" x="169" y="232" w="75" h="53"/>
  </AirBomb>  
</TextureAtlas>
