<?xml version="1.0" encoding="UTF-8"?>
<!-- Created with TexturePacker http://www.codeandweb.com/texturepacker-->
<!-- $TexturePacker:SmartUpdate:d53c06cbf1db2901c3b57445a924e2b0:469055e174450bdb2d16652b9f8f0fb9:8d5666daf365b4100acf48458e11e198$ -->
<!--Format:
n  => name of the sprite
x  => sprite x pos in texture
y  => sprite y pos in texture
w  => sprite width (may be trimmed)
h  => sprite height (may be trimmed)
pX => x pos of the pivot point (relative to sprite width)
pY => y pos of the pivot point (relative to sprite height)
oX => sprite's x-corner offset (only available if trimmed)
oY => sprite's y-corner offset (only available if trimmed)
oW => sprite's original width (only available if trimmed)
oH => sprite's original height (only available if trimmed)
r => 'y' only set if sprite is rotated
with polygon mode enabled:
vertices   => points in sprite coordinate system (x0,y0,x1,y1,x2,y2, ...)
verticesUV => points in sheet coordinate system (x0,y0,x1,y1,x2,y2, ...)
triangles  => sprite triangulation, 3 vertex indices per triangle
-->
<TextureAtlas imagePath="Extras.png" width="1525" height="1525">
    <sprite n="000_DestroyedBuilding.bmp" x="1" y="1" w="310" h="156" pX="0.483871" pY="0.467949"/>
    <sprite n="000_DestroyedTower.bmp" x="313" y="1" w="91" h="51" pX="0.362637" pY="0.431373"/>
    <sprite n="000_DestroyedWonder.bmp" x="406" y="1" w="428" h="196" pX="0.488318" pY="0.464286"/>
    <sprite n="000_TownHall.bmp" x="836" y="1" w="366" h="317" pX="0.52459" pY="0.725552"/>
    <sprite n="000_Wonder1.bmp" x="1" y="320" w="475" h="501" pX="0.501053" pY="0.760479"/>
    <sprite n="000_University.bmp" x="478" y="320" w="483" h="291" pX="0.509317" pY="0.726923"/>
    <sprite n="000_Wonder3.bmp" x="963" y="320" w="561" h="710" pX="0.518717" pY="0.747887"/>
    <sprite n="000_Wonder4.bmp" x="1" y="1032" w="421" h="444" pX="0.508314" pY="0.777027"/>
</TextureAtlas>
