<?xml version="1.0" encoding="UTF-8"?>
<!-- Created with TexturePacker http://www.codeandweb.com/texturepacker-->
<!-- $TexturePacker:SmartUpdate:130680b5c493090f72f0dff9c3541a37:9e7dd73cbf00ccbf920b7d18fc9aaa26:88759f380abe7209e74c8a8e5a136918$ -->
<!--Format:
n  => name of the sprite
x  => sprite x pos in texture
y  => sprite y pos in texture
w  => sprite width (may be trimmed)
h  => sprite height (may be trimmed)
pX => x pos of the pivot point (relative to sprite width)
pY => y pos of the pivot point (relative to sprite height)
oX => sprite's x-corner offset (only available if trimmed)
oY => sprite's y-corner offset (only available if trimmed)
oW => sprite's original width (only available if trimmed)
oH => sprite's original height (only available if trimmed)
r => 'y' only set if sprite is rotated
with polygon mode enabled:
vertices   => points in sprite coordinate system (x0,y0,x1,y1,x2,y2, ...)
verticesUV => points in sheet coordinate system (x0,y0,x1,y1,x2,y2, ...)
triangles  => sprite triangulation, 3 vertex indices per triangle
-->
<TextureAtlas imagePath="Trees.png" width="472" height="472">
    <sprite n="000_ForestTree.bmp" x="1" y="1" w="119" h="143" pX="0.436975" pY="0.993007"/>
    <sprite n="000_ForestTrees.bmp" x="122" y="1" w="119" h="143" pX="0.436975" pY="0.993007"/>
    <sprite n="000_Lumber Camp.bmp" x="243" y="1" w="163" h="137" pX="0.509202" pY="0.715328"/>
    <sprite n="000_MineCamp.bmp" x="1" y="146" w="171" h="101" pX="0.491228" pY="0.653465"/>
    <sprite n="002_ForestTrees.bmp" x="174" y="146" w="107" h="162" pX="0.392523" pY="1"/>
    <sprite n="009_BottomPart_ForestTree.bmp" x="283" y="146" w="32" h="36" pX="0.25" pY="0.888889"/>
    <sprite n="010_BottomPart_ForestTree.bmp" x="317" y="146" w="16" h="18" pX="0.0625" pY="0.888889"/>
    <sprite n="010_ForestTrees.bmp" x="335" y="146" w="107" h="137" pX="0.448598" pY="0.970803"/>
    <sprite n="012_BottomPart_ForestTree.bmp" x="1" y="310" w="30" h="21" pX="0.466667" pY="1.57143"/>
    <sprite n="013_BottomPart_ForestTree.bmp" x="33" y="310" w="16" h="20" pX="0.0625" pY="0.75"/>
    <sprite n="013_ForestTrees.bmp" x="51" y="310" w="107" h="161" pX="0.439252" pY="0.993789"/>
</TextureAtlas>
