<?xml version="1.0" encoding="UTF-8"?>
<!-- Created with TexturePacker http://www.codeandweb.com/texturepacker-->
<!-- $TexturePacker:SmartUpdate:130680b5c493090f72f0dff9c3541a37:9e7dd73cbf00ccbf920b7d18fc9aaa26:88759f380abe7209e74c8a8e5a136918$ -->
<!--Format:
n  => name of the sprite
x  => sprite x pos in texture
y  => sprite y pos in texture
w  => sprite width (may be trimmed)
h  => sprite height (may be trimmed)
pX => x pos of the pivot point (relative to sprite width)
pY => y pos of the pivot point (relative to sprite height)
oX => sprite's x-corner offset (only available if trimmed)
oY => sprite's y-corner offset (only available if trimmed)
oW => sprite's original width (only available if trimmed)
oH => sprite's original height (only available if trimmed)
r => 'y' only set if sprite is rotated
with polygon mode enabled:
vertices   => points in sprite coordinate system (x0,y0,x1,y1,x2,y2, ...)
verticesUV => points in sheet coordinate system (x0,y0,x1,y1,x2,y2, ...)
triangles  => sprite triangulation, 3 vertex indices per triangle
-->
<TextureAtlas imagePath="Resouces.png" width="472" height="472">
    <sprite n="000_Resouce_anim.bmp" x="0" y="0" w="201" h="223" pX="0.61692" pY="0.77130"/>
    <sprite n="002_Resouce_mill.bmp" x="203" y="0" w="222" h="217" pX="0.51818" pY="76279"/>
    <sprite n="003_Resouce_anim.bmp" x="425" y="0" w="212" h="222" pX="0.60952" pY="0.78636"/>
    <sprite n="004_Resouce_lumber.bmp" x="638" y="0" w="208" h="175" pX="0.48538" pY="0,97030"/>
    <sprite n="005_Resouce_anim.bmp" x="0" y="225" w="214" h="445" pX="0.60849" pY="0.78440"/>
    <sprite n="006_Resouce_anim.bmp" x="214" y="225" w="188" h="225" pX="0.61165" pY="0.77725"/>
    <sprite n="007_Resouce_anim.bmp" x="421" y="225" w="195" h="203" pX="0.61979" pY="0.76617"/>
    <sprite n="008_Mine.bmp" x="638" y="183" w="212" h="130" pX="0.49123" pY="0.65347"/>
    <sprite n="009_Gold.bmp" x="638" y="316" w="212" h="130" pX="0.49123" pY="0.65347"/>
    <sprite n="009_Resouce_anim.bmp" x="0" y="445" w="175" h="208" pX="0.64571" pY="0.77404"/>
    <sprite n="010_Resouce_anim.bmp" x="177" y="445" w="188" h="217" pX="0.62366" pY="0.77209"/>
    <sprite n="011_Resouce_anim.bmp" x="365" y="445" w="199" h="221" pX="0.61929" pY="0.76712"/>
</TextureAtlas>
