<?xml version="1.0" encoding="UTF-8"?>
<!-- Created with TexturePacker http://www.codeandweb.com/texturepacker-->
<!-- $TexturePacker:SmartUpdate:33c7408968d63652263bd6addcc3d401:48efa357d57729591afbd75779f8d598:87f8b729b242d3d959fb419cb92222b7$ -->
<!--Format:
n  => name of the sprite
x  => sprite x pos in texture
y  => sprite y pos in texture
w  => sprite width (may be trimmed)
h  => sprite height (may be trimmed)
pX => x pos of the pivot point (relative to sprite width)
pY => y pos of the pivot point (relative to sprite height)
oX => sprite's x-corner offset (only available if trimmed)
oY => sprite's y-corner offset (only available if trimmed)
oW => sprite's original width (only available if trimmed)
oH => sprite's original height (only available if trimmed)
r => 'y' only set if sprite is rotated
with polygon mode enabled:
vertices   => points in sprite coordinate system (x0,y0,x1,y1,x2,y2, ...)
verticesUV => points in sheet coordinate system (x0,y0,x1,y1,x2,y2, ...)
triangles  => sprite triangulation, 3 vertex indices per triangle
-->
<TextureAtlas imagePath="Towers.png" width="777" height="777">
    <sprite n="000_AirBomabardTower.bmp" x="1" y="1" w="151" h="231" pX="0.503311" pY="0.87013"/>
    <sprite n="000_BombardTower.bmp" x="154" y="1" w="128" h="281" pX="0.5" pY="0.914591"/>
    <sprite n="000_BombardTower2.bmp" x="284" y="1" w="108" h="222" pX="0.481481" pY="0.882883"/>
    <sprite n="000_BuildTower.bmp" x="394" y="1" w="96" h="64" pX="0.53125" pY="0.59375"/>
    <sprite n="000_FireTower.bmp" x="492" y="1" w="116" h="236" pX="0.508621" pY="0.898305"/>
    <sprite n="000_Tower2.bmp" x="610" y="1" w="107" h="206" pX="0.504673" pY="0.902913"/>
    <sprite n="000_Tower2_NotWalkable.bmp" x="1" y="284" w="107" h="206" pX="0.5" pY="0.5"/>
    <sprite n="000_Tower3.bmp" x="110" y="284" w="104" h="253" pX="0.519231" pY="0.905138"/>
    <sprite n="000_Tower4.bmp" x="216" y="284" w="119" h="226" pX="0.504202" pY="0.893805"/>
    <sprite n="000_Tower5.bmp" x="337" y="284" w="116" h="220" pX="0.534483" pY="0.9"/>
    <sprite n="000_Tower6.bmp" x="455" y="284" w="105" h="201" pX="0.485714" pY="0.910448"/>
    <sprite n="000_Tower7.bmp" x="562" y="284" w="132" h="232" pX="0.484848" pY="0.900862"/>
    <sprite n="000_Tower8.bmp" x="1" y="539" w="130" h="237" pX="0.5" pY="0.894515"/>
    <sprite n="000_Tower9.bmp" x="133" y="539" w="105" h="226" pX="0.485714" pY="0.840708"/>
    <sprite n="000_Tower10.bmp" x="240" y="539" w="134" h="228" pX="0.507463" pY="0.807018"/>
    <sprite n="001_BuildTower.bmp" x="376" y="539" w="100" h="73" pX="0.55" pY="0.643836"/>
    <sprite n="002_BuildTower.bmp" x="478" y="539" w="100" h="73" pX="0.55" pY="0.643836"/>
</TextureAtlas>
